{
    "type": "FeatureCollection",
    "features": [
        {
            "type": "Feature",
            "geometry": {
                "type": "Polygon",
                "coordinates": [
                    [
                        [
                            122.222156,
                            11.813521
                        ],
                        [
                            122.221737,
                            11.813693
                        ],
                        [
                            122.220465,
                            11.81384
                        ],
                        [
                            122.220012,
                            11.813769
                        ],
                        [
                            122.219397,
                            11.813468
                        ],
                        [
                            122.218515,
                            11.812343
                        ],
                        [
                            122.217211,
                            11.811846
                        ],
                        [
                            122.216545,
                            11.811245
                        ],
                        [
                            122.215634,
                            11.810875
                        ],
                        [
                            122.215406,
                            11.811003
                        ],
                        [
                            122.215269,
                            11.810856
                        ],
                        [
                            122.21544,
                            11.810577
                        ],
                        [
                            122.215535,
                            11.81017
                        ],
                        [
                            122.215222,
                            11.80965
                        ],
                        [
                            122.213154,
                            11.808806
                        ],
                        [
                            122.21155,
                            11.808492
                        ],
                        [
                            122.2106,
                            11.808052
                        ],
                        [
                            122.208574,
                            11.807893
                        ],
                        [
                            122.207287,
                            11.807575
                        ],
                        [
                            122.205999,
                            11.807363
                        ],
                        [
                            122.204658,
                            11.807398
                        ],
                        [
                            122.202485,
                            11.807525
                        ],
                        [
                            122.200383,
                            11.807828
                        ],
                        [
                            122.199651,
                            11.80774
                        ],
                        [
                            122.198828,
                            11.807744
                        ],
                        [
                            122.198397,
                            11.807645
                        ],
                        [
                            122.198328,
                            11.807516
                        ],
                        [
                            122.198336,
                            11.807381
                        ],
                        [
                            122.198371,
                            11.807276
                        ],
                        [
                            122.198454,
                            11.807184
                        ],
                        [
                            122.198377,
                            11.806976
                        ],
                        [
                            122.197713,
                            11.806958
                        ],
                        [
                            122.197262,
                            11.80715
                        ],
                        [
                            122.197337,
                            11.807417
                        ],
                        [
                            122.197326,
                            11.80771
                        ],
                        [
                            122.197083,
                            11.808264
                        ],
                        [
                            122.194959,
                            11.808996
                        ],
                        [
                            122.190317,
                            11.810463
                        ],
                        [
                            122.18301,
                            11.814108
                        ],
                        [
                            122.180453,
                            11.815643
                        ],
                        [
                            122.178056,
                            11.81721
                        ],
                        [
                            122.176974,
                            11.818064
                        ],
                        [
                            122.176004,
                            11.819199
                        ],
                        [
                            122.177118,
                            11.820274
                        ],
                        [
                            122.177389,
                            11.820601
                        ],
                        [
                            122.177377,
                            11.820694
                        ],
                        [
                            122.176081,
                            11.819435
                        ],
                        [
                            122.175497,
                            11.819726
                        ],
                        [
                            122.174912,
                            11.82011
                        ],
                        [
                            122.168802,
                            11.823185
                        ],
                        [
                            122.16671,
                            11.824404
                        ],
                        [
                            122.165023,
                            11.824995
                        ],
                        [
                            122.164239,
                            11.8257
                        ],
                        [
                            122.1643,
                            11.825501
                        ],
                        [
                            122.164558,
                            11.825208
                        ],
                        [
                            122.164327,
                            11.825188
                        ],
                        [
                            122.164294,
                            11.824962
                        ],
                        [
                            122.165053,
                            11.8244
                        ],
                        [
                            122.165475,
                            11.824135
                        ],
                        [
                            122.166013,
                            11.82377
                        ],
                        [
                            122.166575,
                            11.823267
                        ],
                        [
                            122.166854,
                            11.822893
                        ],
                        [
                            122.167194,
                            11.82202
                        ],
                        [
                            122.167315,
                            11.821283
                        ],
                        [
                            122.167451,
                            11.82076
                        ],
                        [
                            122.16768,
                            11.819548
                        ],
                        [
                            122.167845,
                            11.818959
                        ],
                        [
                            122.167915,
                            11.818454
                        ],
                        [
                            122.16786,
                            11.818574
                        ],
                        [
                            122.167799,
                            11.819032
                        ],
                        [
                            122.167385,
                            11.820753
                        ],
                        [
                            122.167249,
                            11.821242
                        ],
                        [
                            122.167125,
                            11.822003
                        ],
                        [
                            122.166755,
                            11.822831
                        ],
                        [
                            122.166494,
                            11.823205
                        ],
                        [
                            122.16605,
                            11.823619
                        ],
                        [
                            122.164928,
                            11.824389
                        ],
                        [
                            122.163012,
                            11.825498
                        ],
                        [
                            122.160898,
                            11.826078
                        ],
                        [
                            122.152594,
                            11.825209
                        ],
                        [
                            122.143402,
                            11.825056
                        ],
                        [
                            122.135464,
                            11.82555
                        ],
                        [
                            122.129905,
                            11.825924
                        ],
                        [
                            122.126778,
                            11.826536
                        ],
                        [
                            122.116776,
                            11.82835
                        ],
                        [
                            122.115215,
                            11.828256
                        ],
                        [
                            122.113506,
                            11.828382
                        ],
                        [
                            122.110454,
                            11.828821
                        ],
                        [
                            122.104169,
                            11.829718
                        ],
                        [
                            122.10187,
                            11.822185
                        ],
                        [
                            122.098171,
                            11.810329
                        ],
                        [
                            122.095479,
                            11.801678
                        ],
                        [
                            122.098759,
                            11.802346
                        ],
                        [
                            122.102281,
                            11.797919
                        ],
                        [
                            122.104505,
                            11.791875
                        ],
                        [
                            122.108243,
                            11.779997
                        ],
                        [
                            122.123499,
                            11.779775
                        ],
                        [
                            122.127623,
                            11.762114
                        ],
                        [
                            122.152709,
                            11.761734
                        ],
                        [
                            122.161843,
                            11.758281
                        ],
                        [
                            122.166931,
                            11.74801
                        ],
                        [
                            122.169838,
                            11.74048
                        ],
                        [
                            122.168841,
                            11.739088
                        ],
                        [
                            122.168053,
                            11.733337
                        ],
                        [
                            122.170655,
                            11.733073
                        ],
                        [
                            122.171655,
                            11.729301
                        ],
                        [
                            122.171084,
                            11.727343
                        ],
                        [
                            122.174077,
                            11.726479
                        ],
                        [
                            122.174347,
                            11.722576
                        ],
                        [
                            122.176241,
                            11.722811
                        ],
                        [
                            122.177679,
                            11.718999
                        ],
                        [
                            122.178658,
                            11.719171
                        ],
                        [
                            122.177,
                            11.709552
                        ],
                        [
                            122.175451,
                            11.707056
                        ],
                        [
                            122.172558,
                            11.689845
                        ],
                        [
                            122.160919,
                            11.674519
                        ],
                        [
                            122.146581,
                            11.658261
                        ],
                        [
                            122.141503,
                            11.647102
                        ],
                        [
                            122.150854,
                            11.644627
                        ],
                        [
                            122.160563,
                            11.642997
                        ],
                        [
                            122.169661,
                            11.639356
                        ],
                        [
                            122.180225,
                            11.636799
                        ],
                        [
                            122.193336,
                            11.63803
                        ],
                        [
                            122.195158,
                            11.638188
                        ],
                        [
                            122.197919,
                            11.642459
                        ],
                        [
                            122.199433,
                            11.650132
                        ],
                        [
                            122.201033,
                            11.666088
                        ],
                        [
                            122.200541,
                            11.681218
                        ],
                        [
                            122.201521,
                            11.704606
                        ],
                        [
                            122.204365,
                            11.723919
                        ],
                        [
                            122.222156,
                            11.813521
                        ]
                    ]
                ]
            },
            "properties": {
                "name": "Ibajay",
                "municipality": "Ibajay",
                "province": "Aklan",
                "level": "municipality"
            },
            "bbox": [
                122.095479,
                11.636799,
                122.222156,
                11.829718
            ]
        },
        {
            "type": "Feature",
            "geometry": {
                "type": "Polygon",
                "coordinates": [
                    [
                        [
                            122.200634,
                            11.805774
                        ],
                        [
                            122.201636,
                            11.803604
                        ],
                        [
                            122.202343,
                            11.80348
                        ],
                        [
                            122.202819,
                            11.803272
                        ],
                        [
                            122.203057,
                            11.8025
                        ],
                        [
                            122.202919,
                            11.801948
                        ],
                        [
                            122.202998,
                            11.801366
                        ],
                        [
                            122.20374,
                            11.801366
                        ],
                        [
                            122.204434,
                            11.802124
                        ],
                        [
                            122.205515,
                            11.801856
                        ],
                        [
                            122.206451,
                            11.80105
                        ],
                        [
                            122.207104,
                            11.799506
                        ],
                        [
                            122.207345,
                            11.799931
                        ],
                        [
                            122.208305,
                            11.799877
                        ],
                        [
                            122.209603,
                            11.798831
                        ],
                        [
                            122.213726,
                            11.794001
                        ],
                        [
                            122.21584,
                            11.793847
                        ],
                        [
                            122.218102,
                            11.793111
                        ],
                        [
                            122.222159,
                            11.813521
                        ],
                        [
                            122.221724,
                            11.813693
                        ],
                        [
                            122.221434,
                            11.81373
                        ],
                        [
                            122.220469,
                            11.813848
                        ],
                        [
                            122.220003,
                            11.81378
                        ],
                        [
                            122.219386,
                            11.813465
                        ],
                        [
                            122.218517,
                            11.812348
                        ],
                        [
                            122.217213,
                            11.811849
                        ],
                        [
                            122.216539,
                            11.811243
                        ],
                        [
                            122.215633,
                            11.810874
                        ],
                        [
                            122.215403,
                            11.811002
                        ],
                        [
                            122.215271,
                            11.810858
                        ],
                        [
                            122.215441,
                            11.810577
                        ],
                        [
                            122.215538,
                            11.810168
                        ],
                        [
                            122.215225,
                            11.809647
                        ],
                        [
                            122.213181,
                            11.808819
                        ],
                        [
                            122.211576,
                            11.8085
                        ],
                        [
                            122.21062,
                            11.808054
                        ],
                        [
                            122.209908,
                            11.808
                        ],
                        [
                            122.209908,
                            11.808
                        ],
                        [
                            122.208572,
                            11.807895
                        ],
                        [
                            122.208195,
                            11.807802
                        ],
                        [
                            122.205992,
                            11.807359
                        ],
                        [
                            122.202649,
                            11.807497
                        ],
                        [
                            122.200349,
                            11.807827
                        ],
                        [
                            122.199653,
                            11.807739
                        ],
                        [
                            122.199059,
                            11.807742
                        ],
                        [
                            122.198828,
                            11.807745
                        ],
                        [
                            122.1984,
                            11.807648
                        ],
                        [
                            122.198328,
                            11.807517
                        ],
                        [
                            122.198335,
                            11.80738
                        ],
                        [
                            122.198371,
                            11.807274
                        ],
                        [
                            122.198454,
                            11.807184
                        ],
                        [
                            122.199014,
                            11.806839
                        ],
                        [
                            122.199796,
                            11.806564
                        ],
                        [
                            122.200634,
                            11.805774
                        ]
                    ]
                ]
            },
            "properties": {
                "name": "Bugtong bato",
                "municipality": "ibajay",
                "province": "aklan",
                "level": "barangay"
            },
            "bbox": [
                122.198328,
                11.793111,
                122.222159,
                11.813848
            ]
        },
        {
            "type": "Feature",
            "geometry": {
                "type": "Polygon",
                "coordinates": [
                    [
                        [
                            122.147399,
                            11.659193
                        ],
                        [
                            122.146596,
                            11.658275
                        ],
                        [
                            122.145918,
                            11.656782
                        ],
                        [
                            122.144328,
                            11.653327
                        ],
                        [
                            122.14292,
                            11.650219
                        ],
                        [
                            122.141527,
                            11.647152
                        ],
                        [
                            122.141504,
                            11.647103
                        ],
                        [
                            122.150916,
                            11.644609
                        ],
                        [
                            122.160581,
                            11.642998
                        ],
                        [
                            122.169665,
                            11.639355
                        ],
                        [
                            122.17503,
                            11.638057
                        ],
                        [
                            122.177715,
                            11.637406
                        ],
                        [
                            122.180221,
                            11.636799
                        ],
                        [
                            122.187755,
                            11.637506
                        ],
                        [
                            122.19153,
                            11.63786
                        ],
                        [
                            122.195276,
                            11.638144
                        ],
                        [
                            122.197919,
                            11.642459
                        ],
                        [
                            122.198291,
                            11.644344
                        ],
                        [
                            122.198673,
                            11.646279
                        ],
                        [
                            122.19907,
                            11.648339
                        ],
                        [
                            122.199271,
                            11.649325
                        ],
                        [
                            122.199376,
                            11.649842
                        ],
                        [
                            122.199433,
                            11.650131
                        ],
                        [
                            122.199456,
                            11.650357
                        ],
                        [
                            122.183172,
                            11.651464
                        ],
                        [
                            122.168546,
                            11.656874
                        ],
                        [
                            122.156341,
                            11.658551
                        ],
                        [
                            122.154978,
                            11.658655
                        ],
                        [
                            122.147399,
                            11.659193
                        ]
                    ]
                ]
            },
            "properties": {
                "name": "yawan",
                "municipality": "ibajay",
                "province": "aklan",
                "level": "barangay"
            },
            "bbox": [
                122.141504,
                11.636799,
                122.199456,
                11.659193
            ]
        },
        {
            "type": "Feature",
            "geometry": {
                "type": "Polygon",
                "coordinates": [
                    [
                        [
                            122.104203,
                            11.829728
                        ],
                        [
                            122.095501,
                            11.801699
                        ],
                        [
                            122.098802,
                            11.802355
                        ],
                        [
                            122.100624,
                            11.799996
                        ],
                        [
                            122.102338,
                            11.79788
                        ],
                        [
                            122.10473,
                            11.791349
                        ],
                        [
                            122.111344,
                            11.787415
                        ],
                        [
                            122.113523,
                            11.783925
                        ],
                        [
                            122.114875,
                            11.780815
                        ],
                        [
                            122.115428,
                            11.783273
                        ],
                        [
                            122.11592,
                            11.785217
                        ],
                        [
                            122.118367,
                            11.788278
                        ],
                        [
                            122.120426,
                            11.792193
                        ],
                        [
                            122.12151,
                            11.802722
                        ],
                        [
                            122.121927,
                            11.81317
                        ],
                        [
                            122.12431,
                            11.816287
                        ],
                        [
                            122.124537,
                            11.816541
                        ],
                        [
                            122.124728,
                            11.816722
                        ],
                        [
                            122.124561,
                            11.81695
                        ],
                        [
                            122.124671,
                            11.81736
                        ],
                        [
                            122.124511,
                            11.81777
                        ],
                        [
                            122.124684,
                            11.818116
                        ],
                        [
                            122.124859,
                            11.818491
                        ],
                        [
                            122.124708,
                            11.819247
                        ],
                        [
                            122.12512,
                            11.819865
                        ],
                        [
                            122.125192,
                            11.820734
                        ],
                        [
                            122.125655,
                            11.821794
                        ],
                        [
                            122.126049,
                            11.823457
                        ],
                        [
                            122.126498,
                            11.824165
                        ],
                        [
                            122.126474,
                            11.824891
                        ],
                        [
                            122.126711,
                            11.825749
                        ],
                        [
                            122.126525,
                            11.826143
                        ],
                        [
                            122.12654,
                            11.826578
                        ],
                        [
                            122.104203,
                            11.829728
                        ]
                    ]
                ]
            },
            "properties": {
                "name": "aquino",
                "municipality": "ibajay",
                "province": "aklan",
                "level": "barangay"
            },
            "bbox": [
                122.095501,
                11.780815,
                122.126711,
                11.829728
            ]
        },
        {
            "type": "Feature",
            "geometry": {
                "type": "Polygon",
                "coordinates": [
                    [
                        [
                            122.159865,
                            11.822844
                        ],
                        [
                            122.160435,
                            11.823556
                        ],
                        [
                            122.160333,
                            11.825513
                        ],
                        [
                            122.159749,
                            11.825958
                        ],
                        [
                            122.156444,
                            11.825612
                        ],
                        [
                            122.153744,
                            11.825322
                        ],
                        [
                            122.153665,
                            11.824152
                        ],
                        [
                            122.153428,
                            11.824137
                        ],
                        [
                            122.153198,
                            11.824333
                        ],
                        [
                            122.152972,
                            11.824493
                        ],
                        [
                            122.152841,
                            11.8248
                        ],
                        [
                            122.152912,
                            11.824995
                        ],
                        [
                            122.152717,
                            11.825222
                        ],
                        [
                            122.152549,
                            11.825211
                        ],
                        [
                            122.152372,
                            11.825209
                        ],
                        [
                            122.152472,
                            11.824936
                        ],
                        [
                            122.152497,
                            11.824715
                        ],
                        [
                            122.152717,
                            11.824171
                        ],
                        [
                            122.153548,
                            11.823376
                        ],
                        [
                            122.153799,
                            11.822851
                        ],
                        [
                            122.153729,
                            11.822377
                        ],
                        [
                            122.154136,
                            11.821959
                        ],
                        [
                            122.154479,
                            11.821291
                        ],
                        [
                            122.155322,
                            11.821416
                        ],
                        [
                            122.155533,
                            11.821799
                        ],
                        [
                            122.156045,
                            11.821871
                        ],
                        [
                            122.157091,
                            11.821291
                        ],
                        [
                            122.157854,
                            11.821255
                        ],
                        [
                            122.158829,
                            11.821802
                        ],
                        [
                            122.159397,
                            11.822207
                        ],
                        [
                            122.159717,
                            11.822506
                        ],
                        [
                            122.159865,
                            11.822844
                        ]
                    ]
                ]
            },
            "properties": {
                "name": "aslum",
                "municipality": "Ibajay",
                "province": "Aklan",
                "level": "barangay"
            },
            "bbox": [
                122.152372,
                11.821255,
                122.160435,
                11.825958
            ]
        },
        {
            "type": "Feature",
            "geometry": {
                "type": "Polygon",
                "coordinates": [
                    [
                        [
                            122.14726,
                            11.659201
                        ],
                        [
                            122.156652,
                            11.658537
                        ],
                        [
                            122.168551,
                            11.656874
                        ],
                        [
                            122.183192,
                            11.651505
                        ],
                        [
                            122.199455,
                            11.650356
                        ],
                        [
                            122.200234,
                            11.658101
                        ],
                        [
                            122.200975,
                            11.66586
                        ],
                        [
                            122.200859,
                            11.672159
                        ],
                        [
                            122.200705,
                            11.676446
                        ],
                        [
                            122.200674,
                            11.684292
                        ],
                        [
                            122.197265,
                            11.682352
                        ],
                        [
                            122.19412,
                            11.681296
                        ],
                        [
                            122.191559,
                            11.68068
                        ],
                        [
                            122.188504,
                            11.680285
                        ],
                        [
                            122.187291,
                            11.678965
                        ],
                        [
                            122.186061,
                            11.67784
                        ],
                        [
                            122.185951,
                            11.675557
                        ],
                        [
                            122.181572,
                            11.675268
                        ],
                        [
                            122.175225,
                            11.674188
                        ],
                        [
                            122.17217,
                            11.674347
                        ],
                        [
                            122.168474,
                            11.674579
                        ],
                        [
                            122.160581,
                            11.674123
                        ],
                        [
                            122.14726,
                            11.659201
                        ]
                    ]
                ]
            },
            "properties": {
                "name": "mina-a",
                "municipality": "Ibajay",
                "province": "aklan",
                "level": "barangay"
            },
            "bbox": [
                122.14726,
                11.650356,
                122.200975,
                11.684292
            ]
        },
        {
            "type": "Feature",
            "geometry": {
                "type": "Polygon",
                "coordinates": [
                    [
                        [
                            122.173388,
                            11.694764
                        ],
                        [
                            122.172308,
                            11.689236
                        ],
                        [
                            122.160757,
                            11.674178
                        ],
                        [
                            122.168468,
                            11.674607
                        ],
                        [
                            122.175252,
                            11.674195
                        ],
                        [
                            122.181539,
                            11.675285
                        ],
                        [
                            122.185938,
                            11.675557
                        ],
                        [
                            122.186046,
                            11.677861
                        ],
                        [
                            122.187184,
                            11.678867
                        ],
                        [
                            122.18849,
                            11.680307
                        ],
                        [
                            122.189977,
                            11.680492
                        ],
                        [
                            122.19161,
                            11.680687
                        ],
                        [
                            122.193714,
                            11.681206
                        ],
                        [
                            122.19736,
                            11.682376
                        ],
                        [
                            122.199792,
                            11.683762
                        ],
                        [
                            122.200673,
                            11.684307
                        ],
                        [
                            122.200659,
                            11.684902
                        ],
                        [
                            122.201109,
                            11.695185
                        ],
                        [
                            122.201139,
                            11.697853
                        ],
                        [
                            122.201331,
                            11.700435
                        ],
                        [
                            122.199357,
                            11.698633
                        ],
                        [
                            122.194836,
                            11.698963
                        ],
                        [
                            122.189937,
                            11.69858
                        ],
                        [
                            122.188716,
                            11.696799
                        ],
                        [
                            122.1885,
                            11.694947
                        ],
                        [
                            122.187048,
                            11.694488
                        ],
                        [
                            122.180149,
                            11.693965
                        ],
                        [
                            122.173388,
                            11.694764
                        ]
                    ]
                ]
            },
            "properties": {
                "name": "aparicio",
                "municipality": "ibajay",
                "province": "Aklan",
                "level": "barangay"
            },
            "bbox": [
                122.160757,
                11.674178,
                122.201331,
                11.700435
            ]
        },
        {
            "type": "Feature",
            "geometry": {
                "type": "Polygon",
                "coordinates": [
                    [
                        [
                            122.179158,
                            11.708426
                        ],
                        [
                            122.175232,
                            11.705667
                        ],
                        [
                            122.173389,
                            11.694768
                        ],
                        [
                            122.180286,
                            11.693983
                        ],
                        [
                            122.184436,
                            11.694325
                        ],
                        [
                            122.186895,
                            11.694441
                        ],
                        [
                            122.188496,
                            11.694956
                        ],
                        [
                            122.18871,
                            11.696812
                        ],
                        [
                            122.189925,
                            11.698608
                        ],
                        [
                            122.193115,
                            11.698842
                        ],
                        [
                            122.194846,
                            11.698981
                        ],
                        [
                            122.196125,
                            11.69886
                        ],
                        [
                            122.197829,
                            11.698757
                        ],
                        [
                            122.199347,
                            11.698651
                        ],
                        [
                            122.201332,
                            11.700456
                        ],
                        [
                            122.200224,
                            11.700551
                        ],
                        [
                            122.199098,
                            11.701157
                        ],
                        [
                            122.198623,
                            11.703017
                        ],
                        [
                            122.195497,
                            11.705629
                        ],
                        [
                            122.186747,
                            11.706325
                        ],
                        [
                            122.179158,
                            11.708426
                        ]
                    ]
                ]
            },
            "properties": {
                "name": "malindog",
                "municipality": "ibajay",
                "province": "aklan",
                "level": "barangay"
            },
            "bbox": [
                122.173389,
                11.693983,
                122.201332,
                11.708426
            ]
        },
        {
            "type": "Feature",
            "geometry": {
                "type": "Polygon",
                "coordinates": [
                    [
                        [
                            122.203941,
                            11.72329
                        ],
                        [
                            122.203752,
                            11.72329
                        ],
                        [
                            122.203752,
                            11.72329
                        ],
                        [
                            122.203941,
                            11.72329
                        ],
                        [
                            122.203941,
                            11.72329
                        ]
                    ]
                ]
            },
            "properties": {},
            "bbox": [
                122.203752,
                11.72329,
                122.203941,
                11.72329
            ]
        },
        {
            "type": "Feature",
            "geometry": {
                "type": "Polygon",
                "coordinates": [
                    [
                        [
                            122.202903,
                            11.72329
                        ],
                        [
                            122.202903,
                            11.72329
                        ],
                        [
                            122.202903,
                            11.72329
                        ],
                        [
                            122.202903,
                            11.72329
                        ],
                        [
                            122.202903,
                            11.72329
                        ]
                    ]
                ]
            },
            "properties": {},
            "bbox": [
                122.202903,
                11.72329,
                122.202903,
                11.72329
            ]
        },
        {
            "type": "Feature",
            "geometry": {
                "type": "Polygon",
                "coordinates": [
                    [
                        [
                            122.183941,
                            11.71542
                        ],
                        [
                            122.178175,
                            11.716383
                        ],
                        [
                            122.177001,
                            11.709529
                        ],
                        [
                            122.175444,
                            11.70704
                        ],
                        [
                            122.175234,
                            11.705687
                        ],
                        [
                            122.177291,
                            11.707121
                        ],
                        [
                            122.179182,
                            11.708432
                        ],
                        [
                            122.187131,
                            11.706268
                        ],
                        [
                            122.195501,
                            11.705633
                        ],
                        [
                            122.19868,
                            11.703019
                        ],
                        [
                            122.199118,
                            11.701159
                        ],
                        [
                            122.200227,
                            11.700556
                        ],
                        [
                            122.201338,
                            11.700465
                        ],
                        [
                            122.201428,
                            11.702281
                        ],
                        [
                            122.20151,
                            11.704541
                        ],
                        [
                            122.202186,
                            11.709208
                        ],
                        [
                            122.203932,
                            11.721039
                        ],
                        [
                            122.195735,
                            11.72209
                        ],
                        [
                            122.192537,
                            11.71775
                        ],
                        [
                            122.189612,
                            11.719394
                        ],
                        [
                            122.185846,
                            11.7185
                        ],
                        [
                            122.183941,
                            11.71542
                        ]
                    ]
                ]
            },
            "properties": {
                "name": "monalaque",
                "municipality": "Ibajay",
                "province": "Aklan",
                "level": "barangay"
            },
            "bbox": [
                122.175234,
                11.700465,
                122.203932,
                11.72209
            ]
        },
        {
            "type": "Feature",
            "geometry": {
                "type": "Polygon",
                "coordinates": [
                    [
                        [
                            122.209787,
                            11.751231
                        ],
                        [
                            122.20719,
                            11.750625
                        ],
                        [
                            122.206044,
                            11.749629
                        ],
                        [
                            122.204551,
                            11.749221
                        ],
                        [
                            122.203698,
                            11.747667
                        ],
                        [
                            122.203525,
                            11.7461
                        ],
                        [
                            122.203655,
                            11.744596
                        ],
                        [
                            122.203222,
                            11.743008
                        ],
                        [
                            122.201902,
                            11.739767
                        ],
                        [
                            122.202043,
                            11.739004
                        ],
                        [
                            122.202465,
                            11.738517
                        ],
                        [
                            122.201794,
                            11.737162
                        ],
                        [
                            122.199345,
                            11.735002
                        ],
                        [
                            122.198174,
                            11.73493
                        ],
                        [
                            122.196842,
                            11.73569
                        ],
                        [
                            122.193733,
                            11.735882
                        ],
                        [
                            122.19133,
                            11.735788
                        ],
                        [
                            122.189526,
                            11.736254
                        ],
                        [
                            122.188065,
                            11.735508
                        ],
                        [
                            122.186323,
                            11.735181
                        ],
                        [
                            122.186472,
                            11.728044
                        ],
                        [
                            122.186543,
                            11.72266
                        ],
                        [
                            122.186617,
                            11.720479
                        ],
                        [
                            122.185862,
                            11.718506
                        ],
                        [
                            122.189618,
                            11.719396
                        ],
                        [
                            122.192577,
                            11.717721
                        ],
                        [
                            122.195694,
                            11.722066
                        ],
                        [
                            122.20392,
                            11.721054
                        ],
                        [
                            122.206794,
                            11.736143
                        ],
                        [
                            122.208248,
                            11.74345
                        ],
                        [
                            122.209787,
                            11.751231
                        ]
                    ]
                ]
            },
            "properties": {
                "name": "rivera",
                "municipality": "ibajay",
                "province": "aklan",
                "level": "barangay"
            },
            "bbox": [
                122.185862,
                11.717721,
                122.209787,
                11.751231
            ]
        },
        {
            "type": "Feature",
            "geometry": {
                "type": "Polygon",
                "coordinates": [
                    [
                        [
                            122.186064,
                            11.743848
                        ],
                        [
                            122.174083,
                            11.742315
                        ],
                        [
                            122.169837,
                            11.74048
                        ],
                        [
                            122.168836,
                            11.73908
                        ],
                        [
                            122.16808,
                            11.733358
                        ],
                        [
                            122.170589,
                            11.733086
                        ],
                        [
                            122.171668,
                            11.729305
                        ],
                        [
                            122.171173,
                            11.727347
                        ],
                        [
                            122.174097,
                            11.726467
                        ],
                        [
                            122.17436,
                            11.722608
                        ],
                        [
                            122.176224,
                            11.722841
                        ],
                        [
                            122.177676,
                            11.71899
                        ],
                        [
                            122.178666,
                            11.719166
                        ],
                        [
                            122.178184,
                            11.716372
                        ],
                        [
                            122.183918,
                            11.715469
                        ],
                        [
                            122.185838,
                            11.718452
                        ],
                        [
                            122.186579,
                            11.720461
                        ],
                        [
                            122.186337,
                            11.734651
                        ],
                        [
                            122.186064,
                            11.743848
                        ]
                    ]
                ]
            },
            "properties": {
                "name": "san jose",
                "municipality": "ibajay",
                "province": "Aklan",
                "level": "barangay"
            },
            "bbox": [
                122.16808,
                11.715469,
                122.186579,
                11.743848
            ]
        },
        {
            "type": "Feature",
            "geometry": {
                "type": "Polygon",
                "coordinates": [
                    [
                        [
                            122.184727,
                            11.765419
                        ],
                        [
                            122.18563,
                            11.750223
                        ],
                        [
                            122.18607,
                            11.743816
                        ],
                        [
                            122.186321,
                            11.735183
                        ],
                        [
                            122.187191,
                            11.735344
                        ],
                        [
                            122.187617,
                            11.735424
                        ],
                        [
                            122.188067,
                            11.735508
                        ],
                        [
                            122.189526,
                            11.736254
                        ],
                        [
                            122.191333,
                            11.735791
                        ],
                        [
                            122.193291,
                            11.735864
                        ],
                        [
                            122.193821,
                            11.73588
                        ],
                        [
                            122.19504,
                            11.735806
                        ],
                        [
                            122.196822,
                            11.735692
                        ],
                        [
                            122.198176,
                            11.734933
                        ],
                        [
                            122.19935,
                            11.735003
                        ],
                        [
                            122.201788,
                            11.737162
                        ],
                        [
                            122.20246,
                            11.738512
                        ],
                        [
                            122.202039,
                            11.739015
                        ],
                        [
                            122.201903,
                            11.739766
                        ],
                        [
                            122.202807,
                            11.742009
                        ],
                        [
                            122.20322,
                            11.743012
                        ],
                        [
                            122.203653,
                            11.744594
                        ],
                        [
                            122.203521,
                            11.746082
                        ],
                        [
                            122.203693,
                            11.747661
                        ],
                        [
                            122.204543,
                            11.749221
                        ],
                        [
                            122.206032,
                            11.749632
                        ],
                        [
                            122.20721,
                            11.750627
                        ],
                        [
                            122.208494,
                            11.750924
                        ],
                        [
                            122.20979,
                            11.751233
                        ],
                        [
                            122.210526,
                            11.755066
                        ],
                        [
                            122.211791,
                            11.761324
                        ],
                        [
                            122.209732,
                            11.761169
                        ],
                        [
                            122.208875,
                            11.76073
                        ],
                        [
                            122.20772,
                            11.760543
                        ],
                        [
                            122.206851,
                            11.76011
                        ],
                        [
                            122.205918,
                            11.759795
                        ],
                        [
                            122.204025,
                            11.759171
                        ],
                        [
                            122.203071,
                            11.759133
                        ],
                        [
                            122.202092,
                            11.759319
                        ],
                        [
                            122.201263,
                            11.758907
                        ],
                        [
                            122.200203,
                            11.758853
                        ],
                        [
                            122.199145,
                            11.758651
                        ],
                        [
                            122.198075,
                            11.758651
                        ],
                        [
                            122.197052,
                            11.758473
                        ],
                        [
                            122.195977,
                            11.758494
                        ],
                        [
                            122.194997,
                            11.759433
                        ],
                        [
                            122.194183,
                            11.76053
                        ],
                        [
                            122.194148,
                            11.76112
                        ],
                        [
                            122.194313,
                            11.761792
                        ],
                        [
                            122.193755,
                            11.763073
                        ],
                        [
                            122.192503,
                            11.764429
                        ],
                        [
                            122.192162,
                            11.765378
                        ],
                        [
                            122.191583,
                            11.76592
                        ],
                        [
                            122.190855,
                            11.765416
                        ],
                        [
                            122.189913,
                            11.765112
                        ],
                        [
                            122.188159,
                            11.765041
                        ],
                        [
                            122.18608,
                            11.764636
                        ],
                        [
                            122.185626,
                            11.764919
                        ],
                        [
                            122.18539,
                            11.765304
                        ],
                        [
                            122.184727,
                            11.765419
                        ]
                    ]
                ]
            },
            "properties": {
                "name": "cabugao",
                "municipality": "ibajay",
                "province": "aklan",
                "level": "barangay"
            },
            "bbox": [
                122.184727,
                11.734933,
                122.211791,
                11.76592
            ]
        },
        {
            "type": "Feature",
            "geometry": {
                "type": "Polygon",
                "coordinates": [
                    [
                        [
                            122.186065,
                            11.743855
                        ],
                        [
                            122.185401,
                            11.754232
                        ],
                        [
                            122.184727,
                            11.76541
                        ],
                        [
                            122.184921,
                            11.767109
                        ],
                        [
                            122.184759,
                            11.768876
                        ],
                        [
                            122.184061,
                            11.76997
                        ],
                        [
                            122.183538,
                            11.771294
                        ],
                        [
                            122.182326,
                            11.770819
                        ],
                        [
                            122.181888,
                            11.770842
                        ],
                        [
                            122.181475,
                            11.771042
                        ],
                        [
                            122.180446,
                            11.770801
                        ],
                        [
                            122.180111,
                            11.770479
                        ],
                        [
                            122.17959,
                            11.770312
                        ],
                        [
                            122.178276,
                            11.770907
                        ],
                        [
                            122.177189,
                            11.771837
                        ],
                        [
                            122.174246,
                            11.770928
                        ],
                        [
                            122.173522,
                            11.771071
                        ],
                        [
                            122.172733,
                            11.771323
                        ],
                        [
                            122.172232,
                            11.771115
                        ],
                        [
                            122.171433,
                            11.771247
                        ],
                        [
                            122.170956,
                            11.771473
                        ],
                        [
                            122.17033,
                            11.771999
                        ],
                        [
                            122.169506,
                            11.773063
                        ],
                        [
                            122.167945,
                            11.773292
                        ],
                        [
                            122.167224,
                            11.772736
                        ],
                        [
                            122.166351,
                            11.772445
                        ],
                        [
                            122.164771,
                            11.77207
                        ],
                        [
                            122.163882,
                            11.771214
                        ],
                        [
                            122.163307,
                            11.769848
                        ],
                        [
                            122.162989,
                            11.768562
                        ],
                        [
                            122.162753,
                            11.767778
                        ],
                        [
                            122.162667,
                            11.767481
                        ],
                        [
                            122.162583,
                            11.76717
                        ],
                        [
                            122.162479,
                            11.766864
                        ],
                        [
                            122.162595,
                            11.766392
                        ],
                        [
                            122.162911,
                            11.766115
                        ],
                        [
                            122.163613,
                            11.765705
                        ],
                        [
                            122.164169,
                            11.765385
                        ],
                        [
                            122.164523,
                            11.764738
                        ],
                        [
                            122.165039,
                            11.764424
                        ],
                        [
                            122.165412,
                            11.764203
                        ],
                        [
                            122.165749,
                            11.763932
                        ],
                        [
                            122.166131,
                            11.763334
                        ],
                        [
                            122.166216,
                            11.762583
                        ],
                        [
                            122.165625,
                            11.76181
                        ],
                        [
                            122.165229,
                            11.760386
                        ],
                        [
                            122.164076,
                            11.758588
                        ],
                        [
                            122.162957,
                            11.758458
                        ],
                        [
                            122.161843,
                            11.758282
                        ],
                        [
                            122.163849,
                            11.754363
                        ],
                        [
                            122.167009,
                            11.747835
                        ],
                        [
                            122.169838,
                            11.740484
                        ],
                        [
                            122.173952,
                            11.742295
                        ],
                        [
                            122.186065,
                            11.743855
                        ]
                    ]
                ]
            },
            "properties": {
                "name": "naile",
                "municipality": "Ibajay",
                "province": "Aklan",
                "level": "barangay"
            },
            "bbox": [
                122.161843,
                11.740484,
                122.186065,
                11.773292
            ]
        },
        {
            "type": "Feature",
            "geometry": {
                "type": "Polygon",
                "coordinates": [
                    [
                        [
                            122.138922,
                            11.761944
                        ],
                        [
                            122.145007,
                            11.761841
                        ],
                        [
                            122.152816,
                            11.761735
                        ],
                        [
                            122.158194,
                            11.75969
                        ],
                        [
                            122.161904,
                            11.758283
                        ],
                        [
                            122.162958,
                            11.758438
                        ],
                        [
                            122.164074,
                            11.758591
                        ],
                        [
                            122.165204,
                            11.760373
                        ],
                        [
                            122.165619,
                            11.761799
                        ],
                        [
                            122.166206,
                            11.762579
                        ],
                        [
                            122.166125,
                            11.763321
                        ],
                        [
                            122.165746,
                            11.763941
                        ],
                        [
                            122.165391,
                            11.764216
                        ],
                        [
                            122.164955,
                            11.764478
                        ],
                        [
                            122.164511,
                            11.764761
                        ],
                        [
                            122.164162,
                            11.765396
                        ],
                        [
                            122.162915,
                            11.766107
                        ],
                        [
                            122.16259,
                            11.766404
                        ],
                        [
                            122.162482,
                            11.76686
                        ],
                        [
                            122.162996,
                            11.768588
                        ],
                        [
                            122.163305,
                            11.769842
                        ],
                        [
                            122.163881,
                            11.771214
                        ],
                        [
                            122.164761,
                            11.772058
                        ],
                        [
                            122.165888,
                            11.772335
                        ],
                        [
                            122.166378,
                            11.772451
                        ],
                        [
                            122.166888,
                            11.772627
                        ],
                        [
                            122.16723,
                            11.772736
                        ],
                        [
                            122.167945,
                            11.773291
                        ],
                        [
                            122.169507,
                            11.773063
                        ],
                        [
                            122.166267,
                            11.774301
                        ],
                        [
                            122.162,
                            11.776157
                        ],
                        [
                            122.156469,
                            11.77314
                        ],
                        [
                            122.155284,
                            11.768963
                        ],
                        [
                            122.1443,
                            11.767029
                        ],
                        [
                            122.138922,
                            11.761944
                        ]
                    ]
                ]
            },
            "properties": {
                "name": "agdugayan",
                "municipality": "Ibajay",
                "province": "aklan",
                "level": "barangay"
            },
            "bbox": [
                122.138922,
                11.758283,
                122.169507,
                11.776157
            ]
        },
        {
            "type": "Feature",
            "geometry": {
                "type": "Polygon",
                "coordinates": [
                    [
                        [
                            122.217738,
                            11.791349
                        ],
                        [
                            122.215241,
                            11.790094
                        ],
                        [
                            122.213365,
                            11.789173
                        ],
                        [
                            122.211799,
                            11.788709
                        ],
                        [
                            122.21,
                            11.788252
                        ],
                        [
                            122.208613,
                            11.7873
                        ],
                        [
                            122.207807,
                            11.78707
                        ],
                        [
                            122.207091,
                            11.786599
                        ],
                        [
                            122.2054,
                            11.787168
                        ],
                        [
                            122.203791,
                            11.787743
                        ],
                        [
                            122.198643,
                            11.786239
                        ],
                        [
                            122.196015,
                            11.787015
                        ],
                        [
                            122.193084,
                            11.786958
                        ],
                        [
                            122.192788,
                            11.784684
                        ],
                        [
                            122.191985,
                            11.782702
                        ],
                        [
                            122.190624,
                            11.78031
                        ],
                        [
                            122.19038,
                            11.778089
                        ],
                        [
                            122.187367,
                            11.774761
                        ],
                        [
                            122.186128,
                            11.773322
                        ],
                        [
                            122.185809,
                            11.772487
                        ],
                        [
                            122.1859,
                            11.771767
                        ],
                        [
                            122.185873,
                            11.770764
                        ],
                        [
                            122.185331,
                            11.770557
                        ],
                        [
                            122.184767,
                            11.768864
                        ],
                        [
                            122.184841,
                            11.767881
                        ],
                        [
                            122.184909,
                            11.76711
                        ],
                        [
                            122.18486,
                            11.766653
                        ],
                        [
                            122.184801,
                            11.766261
                        ],
                        [
                            122.184727,
                            11.765418
                        ],
                        [
                            122.185372,
                            11.76531
                        ],
                        [
                            122.185632,
                            11.764915
                        ],
                        [
                            122.186083,
                            11.764637
                        ],
                        [
                            122.188093,
                            11.765036
                        ],
                        [
                            122.18992,
                            11.765117
                        ],
                        [
                            122.19085,
                            11.765419
                        ],
                        [
                            122.191575,
                            11.765929
                        ],
                        [
                            122.192159,
                            11.76539
                        ],
                        [
                            122.192502,
                            11.76443
                        ],
                        [
                            122.192984,
                            11.763921
                        ],
                        [
                            122.193753,
                            11.763083
                        ],
                        [
                            122.194292,
                            11.761795
                        ],
                        [
                            122.194185,
                            11.760546
                        ],
                        [
                            122.194503,
                            11.760074
                        ],
                        [
                            122.195001,
                            11.759432
                        ],
                        [
                            122.195498,
                            11.758953
                        ],
                        [
                            122.195976,
                            11.758498
                        ],
                        [
                            122.19706,
                            11.758474
                        ],
                        [
                            122.19807,
                            11.75865
                        ],
                        [
                            122.199121,
                            11.758648
                        ],
                        [
                            122.200214,
                            11.758854
                        ],
                        [
                            122.201265,
                            11.758903
                        ],
                        [
                            122.202088,
                            11.759319
                        ],
                        [
                            122.203073,
                            11.759133
                        ],
                        [
                            122.204026,
                            11.759171
                        ],
                        [
                            122.206181,
                            11.759883
                        ],
                        [
                            122.206829,
                            11.760099
                        ],
                        [
                            122.20728,
                            11.760324
                        ],
                        [
                            122.207736,
                            11.760544
                        ],
                        [
                            122.208878,
                            11.760734
                        ],
                        [
                            122.209731,
                            11.761167
                        ],
                        [
                            122.211792,
                            11.761324
                        ],
                        [
                            122.217738,
                            11.791349
                        ]
                    ]
                ]
            },
            "properties": {
                "name": "regador",
                "municipality": "Ibajay",
                "province": "Aklan",
                "level": "barangay"
            },
            "bbox": [
                122.184727,
                11.758474,
                122.217738,
                11.791349
            ]
        },
        {
            "type": "Feature",
            "geometry": {
                "type": "Polygon",
                "coordinates": [
                    [
                        [
                            122.144403,
                            11.787722
                        ],
                        [
                            122.133705,
                            11.783189
                        ],
                        [
                            122.132377,
                            11.783696
                        ],
                        [
                            122.130409,
                            11.782593
                        ],
                        [
                            122.127428,
                            11.779056
                        ],
                        [
                            122.1235,
                            11.779776
                        ],
                        [
                            122.12763,
                            11.762114
                        ],
                        [
                            122.138923,
                            11.761944
                        ],
                        [
                            122.144212,
                            11.766916
                        ],
                        [
                            122.155276,
                            11.768966
                        ],
                        [
                            122.149664,
                            11.773167
                        ],
                        [
                            122.142332,
                            11.772901
                        ],
                        [
                            122.142248,
                            11.774189
                        ],
                        [
                            122.141233,
                            11.775264
                        ],
                        [
                            122.141467,
                            11.776261
                        ],
                        [
                            122.140879,
                            11.777157
                        ],
                        [
                            122.14122,
                            11.779162
                        ],
                        [
                            122.144991,
                            11.780876
                        ],
                        [
                            122.14562,
                            11.782649
                        ],
                        [
                            122.146408,
                            11.782819
                        ],
                        [
                            122.14661,
                            11.783013
                        ],
                        [
                            122.146637,
                            11.783298
                        ],
                        [
                            122.146348,
                            11.78332
                        ],
                        [
                            122.146158,
                            11.783708
                        ],
                        [
                            122.146877,
                            11.784086
                        ],
                        [
                            122.145467,
                            11.78568
                        ],
                        [
                            122.145398,
                            11.786179
                        ],
                        [
                            122.14468,
                            11.786476
                        ],
                        [
                            122.144818,
                            11.787046
                        ],
                        [
                            122.145017,
                            11.787499
                        ],
                        [
                            122.144403,
                            11.787722
                        ]
                    ]
                ]
            },
            "properties": {
                "name": "mabusao",
                "municipality": "Ibajay",
                "province": "aklan",
                "level": "barangay"
            },
            "bbox": [
                122.1235,
                11.761944,
                122.155276,
                11.787722
            ]
        },
        {
            "type": "Feature",
            "geometry": {
                "type": "Polygon",
                "coordinates": [
                    [
                        [
                            122.151786,
                            11.825198
                        ],
                        [
                            122.148277,
                            11.825143
                        ],
                        [
                            122.147343,
                            11.825114
                        ],
                        [
                            122.146833,
                            11.824908
                        ],
                        [
                            122.146401,
                            11.825092
                        ],
                        [
                            122.144524,
                            11.825082
                        ],
                        [
                            122.142936,
                            11.825078
                        ],
                        [
                            122.139135,
                            11.825315
                        ],
                        [
                            122.139194,
                            11.824542
                        ],
                        [
                            122.139826,
                            11.824044
                        ],
                        [
                            122.142927,
                            11.824024
                        ],
                        [
                            122.144061,
                            11.823904
                        ],
                        [
                            122.144774,
                            11.823957
                        ],
                        [
                            122.144954,
                            11.823733
                        ],
                        [
                            122.144874,
                            11.823562
                        ],
                        [
                            122.144401,
                            11.823385
                        ],
                        [
                            122.143785,
                            11.823198
                        ],
                        [
                            122.14321,
                            11.822026
                        ],
                        [
                            122.143102,
                            11.821031
                        ],
                        [
                            122.143042,
                            11.820291
                        ],
                        [
                            122.142609,
                            11.819527
                        ],
                        [
                            122.142474,
                            11.819278
                        ],
                        [
                            122.142315,
                            11.819025
                        ],
                        [
                            122.142501,
                            11.818589
                        ],
                        [
                            122.142945,
                            11.818859
                        ],
                        [
                            122.144266,
                            11.818512
                        ],
                        [
                            122.145686,
                            11.81768
                        ],
                        [
                            122.145102,
                            11.817354
                        ],
                        [
                            122.144608,
                            11.817088
                        ],
                        [
                            122.144418,
                            11.816653
                        ],
                        [
                            122.144866,
                            11.816262
                        ],
                        [
                            122.144619,
                            11.815554
                        ],
                        [
                            122.144624,
                            11.815359
                        ],
                        [
                            122.144774,
                            11.815141
                        ],
                        [
                            122.144965,
                            11.814979
                        ],
                        [
                            122.145186,
                            11.814943
                        ],
                        [
                            122.145734,
                            11.814874
                        ],
                        [
                            122.146094,
                            11.814592
                        ],
                        [
                            122.145988,
                            11.814132
                        ],
                        [
                            122.145556,
                            11.813981
                        ],
                        [
                            122.144977,
                            11.81306
                        ],
                        [
                            122.145307,
                            11.812811
                        ],
                        [
                            122.14553,
                            11.812328
                        ],
                        [
                            122.145505,
                            11.811624
                        ],
                        [
                            122.145747,
                            11.81074
                        ],
                        [
                            122.145949,
                            11.809935
                        ],
                        [
                            122.145487,
                            11.809386
                        ],
                        [
                            122.145466,
                            11.808671
                        ],
                        [
                            122.1461,
                            11.807731
                        ],
                        [
                            122.14627,
                            11.806997
                        ],
                        [
                            122.146545,
                            11.806799
                        ],
                        [
                            122.146867,
                            11.806437
                        ],
                        [
                            122.14745,
                            11.806192
                        ],
                        [
                            122.14784,
                            11.806259
                        ],
                        [
                            122.148258,
                            11.806424
                        ],
                        [
                            122.148499,
                            11.805989
                        ],
                        [
                            122.149072,
                            11.805845
                        ],
                        [
                            122.15078,
                            11.805845
                        ],
                        [
                            122.151685,
                            11.806442
                        ],
                        [
                            122.15205,
                            11.807094
                        ],
                        [
                            122.153082,
                            11.807169
                        ],
                        [
                            122.153627,
                            11.807502
                        ],
                        [
                            122.155199,
                            11.807395
                        ],
                        [
                            122.155794,
                            11.807422
                        ],
                        [
                            122.155823,
                            11.808046
                        ],
                        [
                            122.154726,
                            11.809058
                        ],
                        [
                            122.155244,
                            11.810679
                        ],
                        [
                            122.154809,
                            11.810733
                        ],
                        [
                            122.155097,
                            11.811497
                        ],
                        [
                            122.15528,
                            11.812273
                        ],
                        [
                            122.154548,
                            11.812437
                        ],
                        [
                            122.154804,
                            11.812584
                        ],
                        [
                            122.15617,
                            11.813379
                        ],
                        [
                            122.1558,
                            11.81418
                        ],
                        [
                            122.155436,
                            11.814921
                        ],
                        [
                            122.155258,
                            11.815339
                        ],
                        [
                            122.155012,
                            11.816042
                        ],
                        [
                            122.154771,
                            11.816735
                        ],
                        [
                            122.154518,
                            11.8174
                        ],
                        [
                            122.154536,
                            11.817859
                        ],
                        [
                            122.154721,
                            11.820793
                        ],
                        [
                            122.154479,
                            11.821292
                        ],
                        [
                            122.154134,
                            11.821955
                        ],
                        [
                            122.153733,
                            11.822378
                        ],
                        [
                            122.153798,
                            11.822851
                        ],
                        [
                            122.153545,
                            11.823379
                        ],
                        [
                            122.15273,
                            11.824156
                        ],
                        [
                            122.152492,
                            11.824716
                        ],
                        [
                            122.152464,
                            11.824946
                        ],
                        [
                            122.152364,
                            11.825206
                        ],
                        [
                            122.151786,
                            11.825198
                        ]
                    ]
                ]
            },
            "properties": {
                "name": "agbago",
                "municipality": "Ibajay",
                "province": "aklan",
                "level": "barangay"
            },
            "bbox": [
                122.139135,
                11.805845,
                122.15617,
                11.825315
            ]
        },
        {
            "type": "Feature",
            "geometry": {
                "type": "Polygon",
                "coordinates": [
                    [
                        [
                            122.159749,
                            11.825958
                        ],
                        [
                            122.160328,
                            11.825522
                        ],
                        [
                            122.160381,
                            11.824647
                        ],
                        [
                            122.160441,
                            11.823568
                        ],
                        [
                            122.159861,
                            11.822827
                        ],
                        [
                            122.15972,
                            11.822505
                        ],
                        [
                            122.159377,
                            11.822189
                        ],
                        [
                            122.15895,
                            11.821891
                        ],
                        [
                            122.158799,
                            11.821786
                        ],
                        [
                            122.158616,
                            11.821681
                        ],
                        [
                            122.157856,
                            11.821253
                        ],
                        [
                            122.157093,
                            11.821292
                        ],
                        [
                            122.156046,
                            11.821871
                        ],
                        [
                            122.155533,
                            11.8218
                        ],
                        [
                            122.155325,
                            11.821414
                        ],
                        [
                            122.155199,
                            11.821399
                        ],
                        [
                            122.154479,
                            11.821292
                        ],
                        [
                            122.154721,
                            11.820793
                        ],
                        [
                            122.154515,
                            11.81744
                        ],
                        [
                            122.155333,
                            11.815142
                        ],
                        [
                            122.15619,
                            11.813374
                        ],
                        [
                            122.159673,
                            11.815525
                        ],
                        [
                            122.162768,
                            11.816987
                        ],
                        [
                            122.162412,
                            11.817962
                        ],
                        [
                            122.162483,
                            11.818763
                        ],
                        [
                            122.164048,
                            11.819285
                        ],
                        [
                            122.165186,
                            11.818867
                        ],
                        [
                            122.165933,
                            11.819285
                        ],
                        [
                            122.1661,
                            11.820488
                        ],
                        [
                            122.166227,
                            11.821135
                        ],
                        [
                            122.166237,
                            11.821716
                        ],
                        [
                            122.165965,
                            11.822574
                        ],
                        [
                            122.165541,
                            11.823132
                        ],
                        [
                            122.164554,
                            11.824386
                        ],
                        [
                            122.164044,
                            11.824744
                        ],
                        [
                            122.162985,
                            11.825495
                        ],
                        [
                            122.1614,
                            11.825938
                        ],
                        [
                            122.160897,
                            11.826078
                        ],
                        [
                            122.159749,
                            11.825958
                        ]
                    ]
                ]
            },
            "properties": {
                "name": "Poblacion",
                "municipality": "ibajay",
                "province": "aklan",
                "level": "barangay"
            },
            "bbox": [
                122.154479,
                11.813374,
                122.166237,
                11.826078
            ]
        },
        {
            "type": "Feature",
            "geometry": {
                "type": "Polygon",
                "coordinates": [
                    [
                        [
                            122.164775,
                            11.825218
                        ],
                        [
                            122.164504,
                            11.825464
                        ],
                        [
                            122.164239,
                            11.825701
                        ],
                        [
                            122.164301,
                            11.825502
                        ],
                        [
                            122.164566,
                            11.825204
                        ],
                        [
                            122.164327,
                            11.825186
                        ],
                        [
                            122.164337,
                            11.824981
                        ],
                        [
                            122.165108,
                            11.824556
                        ],
                        [
                            122.165595,
                            11.824485
                        ],
                        [
                            122.166182,
                            11.824216
                        ],
                        [
                            122.167202,
                            11.823541
                        ],
                        [
                            122.167923,
                            11.822217
                        ],
                        [
                            122.167871,
                            11.821328
                        ],
                        [
                            122.168148,
                            11.820381
                        ],
                        [
                            122.168303,
                            11.819441
                        ],
                        [
                            122.167926,
                            11.818425
                        ],
                        [
                            122.168207,
                            11.816587
                        ],
                        [
                            122.168191,
                            11.815733
                        ],
                        [
                            122.167902,
                            11.814963
                        ],
                        [
                            122.167349,
                            11.81396
                        ],
                        [
                            122.166418,
                            11.81356
                        ],
                        [
                            122.16683,
                            11.813287
                        ],
                        [
                            122.167025,
                            11.813163
                        ],
                        [
                            122.16722,
                            11.813071
                        ],
                        [
                            122.168166,
                            11.812642
                        ],
                        [
                            122.170025,
                            11.811807
                        ],
                        [
                            122.173758,
                            11.813268
                        ],
                        [
                            122.176995,
                            11.812641
                        ],
                        [
                            122.178169,
                            11.81278
                        ],
                        [
                            122.178667,
                            11.813548
                        ],
                        [
                            122.179362,
                            11.814282
                        ],
                        [
                            122.179539,
                            11.815137
                        ],
                        [
                            122.179984,
                            11.815943
                        ],
                        [
                            122.177664,
                            11.817505
                        ],
                        [
                            122.177097,
                            11.817966
                        ],
                        [
                            122.176975,
                            11.818068
                        ],
                        [
                            122.176863,
                            11.818194
                        ],
                        [
                            122.176629,
                            11.818467
                        ],
                        [
                            122.176214,
                            11.818949
                        ],
                        [
                            122.176008,
                            11.819202
                        ],
                        [
                            122.176755,
                            11.819924
                        ],
                        [
                            122.177114,
                            11.820273
                        ],
                        [
                            122.177389,
                            11.820601
                        ],
                        [
                            122.177376,
                            11.820693
                        ],
                        [
                            122.17608,
                            11.819437
                        ],
                        [
                            122.175508,
                            11.81972
                        ],
                        [
                            122.174912,
                            11.820108
                        ],
                        [
                            122.174088,
                            11.820519
                        ],
                        [
                            122.172301,
                            11.821419
                        ],
                        [
                            122.168504,
                            11.823366
                        ],
                        [
                            122.167643,
                            11.823855
                        ],
                        [
                            122.166721,
                            11.8244
                        ],
                        [
                            122.165731,
                            11.824747
                        ],
                        [
                            122.165025,
                            11.824994
                        ],
                        [
                            122.164775,
                            11.825218
                        ]
                    ]
                ]
            },
            "properties": {
                "name": "Colongcolong",
                "municipality": "ibajay",
                "province": "aklan",
                "level": "barangay"
            },
            "bbox": [
                122.164239,
                11.811807,
                122.179984,
                11.825701
            ]
        },
        {
            "type": "Feature",
            "geometry": {
                "type": "Polygon",
                "coordinates": [
                    [
                        [
                            122.207104,
                            11.799504
                        ],
                        [
                            122.206447,
                            11.801057
                        ],
                        [
                            122.205514,
                            11.801858
                        ],
                        [
                            122.20444,
                            11.80213
                        ],
                        [
                            122.20374,
                            11.801366
                        ],
                        [
                            122.203378,
                            11.801366
                        ],
                        [
                            122.202997,
                            11.801367
                        ],
                        [
                            122.202919,
                            11.801943
                        ],
                        [
                            122.203058,
                            11.802506
                        ],
                        [
                            122.202817,
                            11.803271
                        ],
                        [
                            122.202346,
                            11.803479
                        ],
                        [
                            122.201637,
                            11.803604
                        ],
                        [
                            122.200633,
                            11.805774
                        ],
                        [
                            122.199797,
                            11.806564
                        ],
                        [
                            122.198991,
                            11.80685
                        ],
                        [
                            122.198454,
                            11.807185
                        ],
                        [
                            122.198377,
                            11.806976
                        ],
                        [
                            122.197713,
                            11.806958
                        ],
                        [
                            122.197488,
                            11.807053
                        ],
                        [
                            122.197263,
                            11.807149
                        ],
                        [
                            122.197336,
                            11.807419
                        ],
                        [
                            122.197325,
                            11.807712
                        ],
                        [
                            122.197083,
                            11.808264
                        ],
                        [
                            122.194537,
                            11.80909
                        ],
                        [
                            122.191925,
                            11.809955
                        ],
                        [
                            122.19073,
                            11.810334
                        ],
                        [
                            122.190314,
                            11.810464
                        ],
                        [
                            122.189933,
                            11.810654
                        ],
                        [
                            122.189528,
                            11.810828
                        ],
                        [
                            122.187242,
                            11.811998
                        ],
                        [
                            122.184908,
                            11.813161
                        ],
                        [
                            122.184996,
                            11.812113
                        ],
                        [
                            122.184686,
                            11.811023
                        ],
                        [
                            122.183524,
                            11.809357
                        ],
                        [
                            122.182643,
                            11.808203
                        ],
                        [
                            122.183005,
                            11.807181
                        ],
                        [
                            122.181988,
                            11.805542
                        ],
                        [
                            122.180711,
                            11.804933
                        ],
                        [
                            122.181005,
                            11.800926
                        ],
                        [
                            122.180645,
                            11.798907
                        ],
                        [
                            122.181235,
                            11.7974
                        ],
                        [
                            122.179597,
                            11.794772
                        ],
                        [
                            122.178756,
                            11.792732
                        ],
                        [
                            122.177397,
                            11.791148
                        ],
                        [
                            122.177721,
                            11.789248
                        ],
                        [
                            122.176567,
                            11.787931
                        ],
                        [
                            122.176817,
                            11.780915
                        ],
                        [
                            122.176011,
                            11.778286
                        ],
                        [
                            122.176324,
                            11.776807
                        ],
                        [
                            122.175852,
                            11.775662
                        ],
                        [
                            122.177253,
                            11.774326
                        ],
                        [
                            122.177231,
                            11.773549
                        ],
                        [
                            122.17714,
                            11.77321
                        ],
                        [
                            122.17699,
                            11.773113
                        ],
                        [
                            122.176934,
                            11.773008
                        ],
                        [
                            122.176962,
                            11.772952
                        ],
                        [
                            122.177015,
                            11.772911
                        ],
                        [
                            122.177084,
                            11.772784
                        ],
                        [
                            122.177177,
                            11.772491
                        ],
                        [
                            122.177189,
                            11.771837
                        ],
                        [
                            122.178253,
                            11.770913
                        ],
                        [
                            122.179613,
                            11.770317
                        ],
                        [
                            122.180098,
                            11.770475
                        ],
                        [
                            122.180468,
                            11.770824
                        ],
                        [
                            122.181472,
                            11.771046
                        ],
                        [
                            122.181901,
                            11.770846
                        ],
                        [
                            122.182328,
                            11.770817
                        ],
                        [
                            122.183536,
                            11.771297
                        ],
                        [
                            122.184103,
                            11.769899
                        ],
                        [
                            122.184764,
                            11.768878
                        ],
                        [
                            122.185326,
                            11.770544
                        ],
                        [
                            122.185855,
                            11.770771
                        ],
                        [
                            122.185891,
                            11.771661
                        ],
                        [
                            122.185806,
                            11.772493
                        ],
                        [
                            122.186131,
                            11.773334
                        ],
                        [
                            122.187368,
                            11.774766
                        ],
                        [
                            122.188061,
                            11.775588
                        ],
                        [
                            122.190378,
                            11.778033
                        ],
                        [
                            122.190399,
                            11.778359
                        ],
                        [
                            122.190451,
                            11.77896
                        ],
                        [
                            122.190586,
                            11.779796
                        ],
                        [
                            122.190617,
                            11.780346
                        ],
                        [
                            122.191725,
                            11.782212
                        ],
                        [
                            122.192721,
                            11.784527
                        ],
                        [
                            122.193046,
                            11.786908
                        ],
                        [
                            122.19602,
                            11.78702
                        ],
                        [
                            122.198646,
                            11.786242
                        ],
                        [
                            122.201952,
                            11.787231
                        ],
                        [
                            122.203785,
                            11.787748
                        ],
                        [
                            122.205758,
                            11.787052
                        ],
                        [
                            122.207091,
                            11.786606
                        ],
                        [
                            122.207792,
                            11.787073
                        ],
                        [
                            122.208605,
                            11.7873
                        ],
                        [
                            122.209926,
                            11.788246
                        ],
                        [
                            122.213407,
                            11.789159
                        ],
                        [
                            122.217752,
                            11.791347
                        ],
                        [
                            122.217832,
                            11.791763
                        ],
                        [
                            122.217924,
                            11.792215
                        ],
                        [
                            122.218104,
                            11.793109
                        ],
                        [
                            122.215895,
                            11.793811
                        ],
                        [
                            122.213783,
                            11.79395
                        ],
                        [
                            122.20961,
                            11.798824
                        ],
                        [
                            122.208297,
                            11.799883
                        ],
                        [
                            122.207344,
                            11.799934
                        ],
                        [
                            122.207104,
                            11.799504
                        ]
                    ]
                ]
            },
            "properties": {
                "name": "naisud",
                "municipality": "Ibajay",
                "province": "aklan",
                "level": "barangay"
            },
            "bbox": [
                122.175852,
                11.768878,
                122.218104,
                11.813161
            ]
        },
        {
            "type": "Feature",
            "geometry": {
                "type": "Polygon",
                "coordinates": [
                    [
                        [
                            122.134992,
                            11.825582
                        ],
                        [
                            122.134896,
                            11.825215
                        ],
                        [
                            122.135128,
                            11.824828
                        ],
                        [
                            122.135238,
                            11.823911
                        ],
                        [
                            122.135187,
                            11.822365
                        ],
                        [
                            122.134883,
                            11.819516
                        ],
                        [
                            122.135278,
                            11.818144
                        ],
                        [
                            122.136547,
                            11.817075
                        ],
                        [
                            122.136693,
                            11.815683
                        ],
                        [
                            122.136855,
                            11.813874
                        ],
                        [
                            122.137317,
                            11.811791
                        ],
                        [
                            122.137266,
                            11.810662
                        ],
                        [
                            122.136852,
                            11.809946
                        ],
                        [
                            122.136922,
                            11.809533
                        ],
                        [
                            122.137014,
                            11.809206
                        ],
                        [
                            122.136704,
                            11.808516
                        ],
                        [
                            122.136099,
                            11.80754
                        ],
                        [
                            122.135486,
                            11.80606
                        ],
                        [
                            122.13504,
                            11.805084
                        ],
                        [
                            122.137195,
                            11.805213
                        ],
                        [
                            122.138112,
                            11.804937
                        ],
                        [
                            122.138804,
                            11.80374
                        ],
                        [
                            122.140272,
                            11.803768
                        ],
                        [
                            122.141551,
                            11.802836
                        ],
                        [
                            122.142772,
                            11.802615
                        ],
                        [
                            122.143653,
                            11.801224
                        ],
                        [
                            122.144633,
                            11.802132
                        ],
                        [
                            122.145935,
                            11.802604
                        ],
                        [
                            122.146511,
                            11.802914
                        ],
                        [
                            122.147128,
                            11.803033
                        ],
                        [
                            122.148393,
                            11.803364
                        ],
                        [
                            122.148563,
                            11.80587
                        ],
                        [
                            122.148259,
                            11.806422
                        ],
                        [
                            122.147863,
                            11.806267
                        ],
                        [
                            122.147447,
                            11.806192
                        ],
                        [
                            122.146852,
                            11.80644
                        ],
                        [
                            122.146547,
                            11.806799
                        ],
                        [
                            122.146261,
                            11.807004
                        ],
                        [
                            122.146103,
                            11.807728
                        ],
                        [
                            122.145452,
                            11.808689
                        ],
                        [
                            122.145488,
                            11.809391
                        ],
                        [
                            122.145949,
                            11.809934
                        ],
                        [
                            122.145628,
                            11.811174
                        ],
                        [
                            122.145503,
                            11.811638
                        ],
                        [
                            122.145535,
                            11.812372
                        ],
                        [
                            122.145298,
                            11.812822
                        ],
                        [
                            122.144976,
                            11.813061
                        ],
                        [
                            122.145182,
                            11.813368
                        ],
                        [
                            122.145553,
                            11.813976
                        ],
                        [
                            122.145991,
                            11.814135
                        ],
                        [
                            122.14609,
                            11.814601
                        ],
                        [
                            122.145748,
                            11.814872
                        ],
                        [
                            122.144964,
                            11.814981
                        ],
                        [
                            122.144777,
                            11.815133
                        ],
                        [
                            122.144623,
                            11.815354
                        ],
                        [
                            122.144623,
                            11.815559
                        ],
                        [
                            122.144732,
                            11.815892
                        ],
                        [
                            122.144868,
                            11.816263
                        ],
                        [
                            122.144419,
                            11.816652
                        ],
                        [
                            122.144608,
                            11.817089
                        ],
                        [
                            122.145149,
                            11.817381
                        ],
                        [
                            122.145685,
                            11.817681
                        ],
                        [
                            122.144275,
                            11.818509
                        ],
                        [
                            122.143377,
                            11.818747
                        ],
                        [
                            122.142946,
                            11.81886
                        ],
                        [
                            122.142501,
                            11.818588
                        ],
                        [
                            122.142318,
                            11.819028
                        ],
                        [
                            122.142573,
                            11.819454
                        ],
                        [
                            122.143037,
                            11.820287
                        ],
                        [
                            122.143131,
                            11.821361
                        ],
                        [
                            122.143201,
                            11.822012
                        ],
                        [
                            122.143615,
                            11.822852
                        ],
                        [
                            122.143699,
                            11.823022
                        ],
                        [
                            122.143785,
                            11.823203
                        ],
                        [
                            122.144342,
                            11.823367
                        ],
                        [
                            122.144871,
                            11.823567
                        ],
                        [
                            122.144953,
                            11.823738
                        ],
                        [
                            122.144777,
                            11.823953
                        ],
                        [
                            122.143985,
                            11.8239
                        ],
                        [
                            122.142966,
                            11.824032
                        ],
                        [
                            122.141721,
                            11.824016
                        ],
                        [
                            122.139815,
                            11.824047
                        ],
                        [
                            122.139194,
                            11.82454
                        ],
                        [
                            122.139134,
                            11.825319
                        ],
                        [
                            122.138209,
                            11.825397
                        ],
                        [
                            122.137302,
                            11.825414
                        ],
                        [
                            122.134992,
                            11.825582
                        ]
                    ]
                ]
            },
            "properties": {
                "province": "Aklan",
                "level": "barangay",
                "municipality": "ibajay",
                "name": "tagbaya"
            },
            "bbox": [
                122.134883,
                11.801224,
                122.148563,
                11.825582
            ]
        },
        {
            "type": "Feature",
            "geometry": {
                "type": "Polygon",
                "coordinates": [
                    [
                        [
                            122.126542,
                            11.826578
                        ],
                        [
                            122.126524,
                            11.826145
                        ],
                        [
                            122.126713,
                            11.825748
                        ],
                        [
                            122.126474,
                            11.824888
                        ],
                        [
                            122.126499,
                            11.824165
                        ],
                        [
                            122.126051,
                            11.823463
                        ],
                        [
                            122.125734,
                            11.822023
                        ],
                        [
                            122.125187,
                            11.820707
                        ],
                        [
                            122.125116,
                            11.819866
                        ],
                        [
                            122.124684,
                            11.819217
                        ],
                        [
                            122.124869,
                            11.81849
                        ],
                        [
                            122.124518,
                            11.81777
                        ],
                        [
                            122.124671,
                            11.817354
                        ],
                        [
                            122.124558,
                            11.816953
                        ],
                        [
                            122.124725,
                            11.816722
                        ],
                        [
                            122.124578,
                            11.816581
                        ],
                        [
                            122.124263,
                            11.816258
                        ],
                        [
                            122.123829,
                            11.814734
                        ],
                        [
                            122.125386,
                            11.810887
                        ],
                        [
                            122.126091,
                            11.805054
                        ],
                        [
                            122.12824,
                            11.803286
                        ],
                        [
                            122.128142,
                            11.801367
                        ],
                        [
                            122.129707,
                            11.79953
                        ],
                        [
                            122.131097,
                            11.801773
                        ],
                        [
                            122.134247,
                            11.803337
                        ],
                        [
                            122.13613,
                            11.807522
                        ],
                        [
                            122.136794,
                            11.808681
                        ],
                        [
                            122.137016,
                            11.809152
                        ],
                        [
                            122.136858,
                            11.809962
                        ],
                        [
                            122.137269,
                            11.810672
                        ],
                        [
                            122.137331,
                            11.811821
                        ],
                        [
                            122.136852,
                            11.813856
                        ],
                        [
                            122.136542,
                            11.817066
                        ],
                        [
                            122.13527,
                            11.818167
                        ],
                        [
                            122.135063,
                            11.818891
                        ],
                        [
                            122.134878,
                            11.819514
                        ],
                        [
                            122.134901,
                            11.819671
                        ],
                        [
                            122.135205,
                            11.822787
                        ],
                        [
                            122.135238,
                            11.824024
                        ],
                        [
                            122.135127,
                            11.824824
                        ],
                        [
                            122.134884,
                            11.825215
                        ],
                        [
                            122.134983,
                            11.825577
                        ],
                        [
                            122.130098,
                            11.8259
                        ],
                        [
                            122.126542,
                            11.826578
                        ]
                    ]
                ]
            },
            "properties": {
                "name": "ondoy",
                "municipality": "Ibajay",
                "province": "aklan",
                "level": "barangay"
            },
            "bbox": [
                122.123829,
                11.79953,
                122.137331,
                11.826578
            ]
        },
        {
            "type": "Feature",
            "geometry": {
                "type": "Polygon",
                "coordinates": [
                    [
                        [
                            122.18491,
                            11.813163
                        ],
                        [
                            122.183614,
                            11.813787
                        ],
                        [
                            122.182361,
                            11.814487
                        ],
                        [
                            122.179983,
                            11.81595
                        ],
                        [
                            122.179539,
                            11.815146
                        ],
                        [
                            122.179362,
                            11.814265
                        ],
                        [
                            122.179074,
                            11.81397
                        ],
                        [
                            122.178646,
                            11.81351
                        ],
                        [
                            122.178156,
                            11.812767
                        ],
                        [
                            122.177596,
                            11.812712
                        ],
                        [
                            122.177009,
                            11.81264
                        ],
                        [
                            122.17617,
                            11.812796
                        ],
                        [
                            122.174719,
                            11.81308
                        ],
                        [
                            122.173751,
                            11.813277
                        ],
                        [
                            122.173244,
                            11.813067
                        ],
                        [
                            122.173301,
                            11.811883
                        ],
                        [
                            122.173221,
                            11.810016
                        ],
                        [
                            122.172831,
                            11.80788
                        ],
                        [
                            122.174493,
                            11.808234
                        ],
                        [
                            122.175792,
                            11.807755
                        ],
                        [
                            122.176984,
                            11.808318
                        ],
                        [
                            122.178772,
                            11.807964
                        ],
                        [
                            122.18039,
                            11.808213
                        ],
                        [
                            122.181917,
                            11.807652
                        ],
                        [
                            122.182644,
                            11.808205
                        ],
                        [
                            122.183573,
                            11.809449
                        ],
                        [
                            122.184678,
                            11.81101
                        ],
                        [
                            122.184999,
                            11.812088
                        ],
                        [
                            122.18491,
                            11.813163
                        ]
                    ]
                ]
            },
            "properties": {
                "name": "san isidro"
            },
            "bbox": [
                122.172831,
                11.807652,
                122.184999,
                11.81595
            ]
        },
        {
            "type": "Feature",
            "geometry": {
                "type": "Polygon",
                "coordinates": [
                    [
                        [
                            122.166238,
                            11.821716
                        ],
                        [
                            122.166227,
                            11.82115
                        ],
                        [
                            122.166043,
                            11.82007
                        ],
                        [
                            122.165937,
                            11.81928
                        ],
                        [
                            122.165185,
                            11.81887
                        ],
                        [
                            122.164044,
                            11.819288
                        ],
                        [
                            122.162466,
                            11.818763
                        ],
                        [
                            122.162402,
                            11.817968
                        ],
                        [
                            122.162611,
                            11.817418
                        ],
                        [
                            122.162766,
                            11.816992
                        ],
                        [
                            122.162772,
                            11.816741
                        ],
                        [
                            122.162742,
                            11.816681
                        ],
                        [
                            122.162653,
                            11.816572
                        ],
                        [
                            122.162753,
                            11.816538
                        ],
                        [
                            122.162827,
                            11.816539
                        ],
                        [
                            122.162984,
                            11.816481
                        ],
                        [
                            122.16324,
                            11.816266
                        ],
                        [
                            122.163897,
                            11.815759
                        ],
                        [
                            122.164361,
                            11.815324
                        ],
                        [
                            122.164212,
                            11.814868
                        ],
                        [
                            122.16342,
                            11.813775
                        ],
                        [
                            122.160939,
                            11.81198
                        ],
                        [
                            122.160171,
                            11.809755
                        ],
                        [
                            122.159536,
                            11.807587
                        ],
                        [
                            122.159335,
                            11.806441
                        ],
                        [
                            122.159716,
                            11.805431
                        ],
                        [
                            122.160691,
                            11.80522
                        ],
                        [
                            122.160364,
                            11.805824
                        ],
                        [
                            122.160172,
                            11.80629
                        ],
                        [
                            122.160002,
                            11.806768
                        ],
                        [
                            122.160025,
                            11.807364
                        ],
                        [
                            122.160307,
                            11.808028
                        ],
                        [
                            122.160816,
                            11.809376
                        ],
                        [
                            122.162062,
                            11.810294
                        ],
                        [
                            122.163276,
                            11.811286
                        ],
                        [
                            122.1637,
                            11.811679
                        ],
                        [
                            122.16409,
                            11.812138
                        ],
                        [
                            122.164471,
                            11.812574
                        ],
                        [
                            122.164905,
                            11.812912
                        ],
                        [
                            122.165556,
                            11.813275
                        ],
                        [
                            122.16639,
                            11.813592
                        ],
                        [
                            122.167303,
                            11.813987
                        ],
                        [
                            122.167572,
                            11.814486
                        ],
                        [
                            122.167849,
                            11.81493
                        ],
                        [
                            122.168128,
                            11.815784
                        ],
                        [
                            122.16815,
                            11.816571
                        ],
                        [
                            122.168057,
                            11.817206
                        ],
                        [
                            122.167896,
                            11.818398
                        ],
                        [
                            122.167198,
                            11.819
                        ],
                        [
                            122.166238,
                            11.821716
                        ]
                    ]
                ]
            },
            "properties": {
                "name": "polo",
                "municipality": "Ibajay",
                "province": "Aklan",
                "level": "barangay"
            },
            "bbox": [
                122.159335,
                11.80522,
                122.16815,
                11.821716
            ]
        },
        {
            "type": "Feature",
            "geometry": {
                "type": "Polygon",
                "coordinates": [
                    [
                        [
                            122.155726,
                            11.78572
                        ],
                        [
                            122.154765,
                            11.787032
                        ],
                        [
                            122.154581,
                            11.787109
                        ],
                        [
                            122.154339,
                            11.786969
                        ],
                        [
                            122.154014,
                            11.786382
                        ],
                        [
                            122.15353,
                            11.786154
                        ],
                        [
                            122.152302,
                            11.786257
                        ],
                        [
                            122.151571,
                            11.785972
                        ],
                        [
                            122.15104,
                            11.78489
                        ],
                        [
                            122.149728,
                            11.784351
                        ],
                        [
                            122.149162,
                            11.784186
                        ],
                        [
                            122.148548,
                            11.784685
                        ],
                        [
                            122.147639,
                            11.784103
                        ],
                        [
                            122.146877,
                            11.784086
                        ],
                        [
                            122.146159,
                            11.783703
                        ],
                        [
                            122.146348,
                            11.783326
                        ],
                        [
                            122.146639,
                            11.783302
                        ],
                        [
                            122.146615,
                            11.78301
                        ],
                        [
                            122.146414,
                            11.782814
                        ],
                        [
                            122.145651,
                            11.782547
                        ],
                        [
                            122.145022,
                            11.780809
                        ],
                        [
                            122.141239,
                            11.779197
                        ],
                        [
                            122.140886,
                            11.777168
                        ],
                        [
                            122.141475,
                            11.776281
                        ],
                        [
                            122.141233,
                            11.775267
                        ],
                        [
                            122.142249,
                            11.774186
                        ],
                        [
                            122.142331,
                            11.772905
                        ],
                        [
                            122.149474,
                            11.773179
                        ],
                        [
                            122.155279,
                            11.768984
                        ],
                        [
                            122.156528,
                            11.773157
                        ],
                        [
                            122.161605,
                            11.77594
                        ],
                        [
                            122.15914,
                            11.777438
                        ],
                        [
                            122.158011,
                            11.779795
                        ],
                        [
                            122.159021,
                            11.783304
                        ],
                        [
                            122.156982,
                            11.784076
                        ],
                        [
                            122.155726,
                            11.78572
                        ]
                    ]
                ]
            },
            "properties": {
                "name": "maloco",
                "municipality": "ibajay",
                "province": "aklan",
                "level": "barangay"
            },
            "bbox": [
                122.140886,
                11.768984,
                122.161605,
                11.787109
            ]
        },
        {
            "type": "Feature",
            "geometry": {
                "type": "Polygon",
                "coordinates": [
                    [
                        [
                            122.175801,
                            11.807747
                        ],
                        [
                            122.174497,
                            11.808234
                        ],
                        [
                            122.172831,
                            11.807881
                        ],
                        [
                            122.171999,
                            11.806995
                        ],
                        [
                            122.171652,
                            11.806047
                        ],
                        [
                            122.171253,
                            11.804925
                        ],
                        [
                            122.170951,
                            11.80463
                        ],
                        [
                            122.170697,
                            11.80438
                        ],
                        [
                            122.170559,
                            11.804245
                        ],
                        [
                            122.170755,
                            11.804146
                        ],
                        [
                            122.170769,
                            11.803698
                        ],
                        [
                            122.170516,
                            11.802903
                        ],
                        [
                            122.170703,
                            11.802219
                        ],
                        [
                            122.170901,
                            11.801792
                        ],
                        [
                            122.170893,
                            11.801535
                        ],
                        [
                            122.170888,
                            11.801218
                        ],
                        [
                            122.170886,
                            11.801002
                        ],
                        [
                            122.171251,
                            11.800823
                        ],
                        [
                            122.171439,
                            11.800661
                        ],
                        [
                            122.171437,
                            11.800481
                        ],
                        [
                            122.171623,
                            11.800336
                        ],
                        [
                            122.171794,
                            11.8
                        ],
                        [
                            122.171735,
                            11.79963
                        ],
                        [
                            122.172102,
                            11.798858
                        ],
                        [
                            122.17272,
                            11.79733
                        ],
                        [
                            122.173155,
                            11.795638
                        ],
                        [
                            122.173833,
                            11.794831
                        ],
                        [
                            122.173788,
                            11.793965
                        ],
                        [
                            122.174985,
                            11.792824
                        ],
                        [
                            122.175496,
                            11.791626
                        ],
                        [
                            122.176598,
                            11.791834
                        ],
                        [
                            122.177397,
                            11.791147
                        ],
                        [
                            122.178753,
                            11.792724
                        ],
                        [
                            122.179452,
                            11.794424
                        ],
                        [
                            122.180882,
                            11.796872
                        ],
                        [
                            122.181238,
                            11.797409
                        ],
                        [
                            122.18065,
                            11.798906
                        ],
                        [
                            122.181005,
                            11.800924
                        ],
                        [
                            122.180711,
                            11.804935
                        ],
                        [
                            122.181989,
                            11.805555
                        ],
                        [
                            122.183006,
                            11.807186
                        ],
                        [
                            122.182641,
                            11.808203
                        ],
                        [
                            122.181928,
                            11.807652
                        ],
                        [
                            122.18039,
                            11.808212
                        ],
                        [
                            122.17878,
                            11.807964
                        ],
                        [
                            122.17788,
                            11.808139
                        ],
                        [
                            122.176984,
                            11.808318
                        ],
                        [
                            122.175801,
                            11.807747
                        ]
                    ]
                ]
            },
            "properties": {
                "name": "buenavista",
                "municipality": "ibajay",
                "province": "aklan",
                "level": "barangay"
            },
            "bbox": [
                122.170516,
                11.791147,
                122.183006,
                11.808318
            ]
        },
        {
            "type": "Feature",
            "geometry": {
                "type": "Polygon",
                "coordinates": [
                    [
                        [
                            122.16436,
                            11.815324
                        ],
                        [
                            122.163909,
                            11.815745
                        ],
                        [
                            122.16345,
                            11.816099
                        ],
                        [
                            122.163001,
                            11.816476
                        ],
                        [
                            122.162827,
                            11.816538
                        ],
                        [
                            122.162749,
                            11.816539
                        ],
                        [
                            122.162653,
                            11.816572
                        ],
                        [
                            122.162741,
                            11.81668
                        ],
                        [
                            122.162773,
                            11.816742
                        ],
                        [
                            122.162765,
                            11.816985
                        ],
                        [
                            122.16099,
                            11.816143
                        ],
                        [
                            122.160105,
                            11.815737
                        ],
                        [
                            122.159681,
                            11.815529
                        ],
                        [
                            122.159407,
                            11.815365
                        ],
                        [
                            122.156189,
                            11.813374
                        ],
                        [
                            122.154555,
                            11.812435
                        ],
                        [
                            122.155293,
                            11.812281
                        ],
                        [
                            122.15511,
                            11.811486
                        ],
                        [
                            122.154826,
                            11.810741
                        ],
                        [
                            122.155263,
                            11.810694
                        ],
                        [
                            122.154991,
                            11.809906
                        ],
                        [
                            122.154744,
                            11.809024
                        ],
                        [
                            122.155827,
                            11.808043
                        ],
                        [
                            122.155801,
                            11.807414
                        ],
                        [
                            122.155197,
                            11.807387
                        ],
                        [
                            122.15363,
                            11.807499
                        ],
                        [
                            122.153645,
                            11.807215
                        ],
                        [
                            122.15358,
                            11.806698
                        ],
                        [
                            122.153601,
                            11.805641
                        ],
                        [
                            122.154136,
                            11.80504
                        ],
                        [
                            122.154178,
                            11.804388
                        ],
                        [
                            122.154291,
                            11.802767
                        ],
                        [
                            122.154935,
                            11.801499
                        ],
                        [
                            122.155422,
                            11.801069
                        ],
                        [
                            122.155346,
                            11.800449
                        ],
                        [
                            122.156802,
                            11.799067
                        ],
                        [
                            122.158818,
                            11.799273
                        ],
                        [
                            122.161622,
                            11.798006
                        ],
                        [
                            122.161664,
                            11.796361
                        ],
                        [
                            122.161914,
                            11.79634
                        ],
                        [
                            122.162095,
                            11.796191
                        ],
                        [
                            122.161895,
                            11.795942
                        ],
                        [
                            122.161605,
                            11.795688
                        ],
                        [
                            122.161635,
                            11.795187
                        ],
                        [
                            122.161889,
                            11.79472
                        ],
                        [
                            122.161988,
                            11.79429
                        ],
                        [
                            122.163139,
                            11.794611
                        ],
                        [
                            122.166404,
                            11.795783
                        ],
                        [
                            122.167235,
                            11.796227
                        ],
                        [
                            122.167779,
                            11.796501
                        ],
                        [
                            122.167843,
                            11.796806
                        ],
                        [
                            122.168098,
                            11.796925
                        ],
                        [
                            122.168343,
                            11.795945
                        ],
                        [
                            122.169376,
                            11.796828
                        ],
                        [
                            122.169897,
                            11.797604
                        ],
                        [
                            122.169906,
                            11.798218
                        ],
                        [
                            122.169788,
                            11.798705
                        ],
                        [
                            122.169182,
                            11.799498
                        ],
                        [
                            122.166893,
                            11.800532
                        ],
                        [
                            122.165681,
                            11.801742
                        ],
                        [
                            122.164794,
                            11.803013
                        ],
                        [
                            122.164053,
                            11.803708
                        ],
                        [
                            122.161868,
                            11.80458
                        ],
                        [
                            122.161268,
                            11.804864
                        ],
                        [
                            122.160719,
                            11.805187
                        ],
                        [
                            122.159684,
                            11.805442
                        ],
                        [
                            122.159345,
                            11.806458
                        ],
                        [
                            122.159538,
                            11.807572
                        ],
                        [
                            122.160163,
                            11.809777
                        ],
                        [
                            122.160957,
                            11.811995
                        ],
                        [
                            122.162723,
                            11.813286
                        ],
                        [
                            122.163409,
                            11.813769
                        ],
                        [
                            122.163941,
                            11.814491
                        ],
                        [
                            122.164208,
                            11.814866
                        ],
                        [
                            122.16436,
                            11.815324
                        ]
                    ]
                ]
            },
            "properties": {
                "name": "laguinbanwa",
                "municipality": "Ibajay",
                "province": "Aklan",
                "level": "barangay"
            },
            "bbox": [
                122.15358,
                11.79429,
                122.169906,
                11.816985
            ]
        },
        {
            "type": "Feature",
            "geometry": {
                "type": "Polygon",
                "coordinates": [
                    [
                        [
                            122.173242,
                            11.813066
                        ],
                        [
                            122.17004,
                            11.811824
                        ],
                        [
                            122.16853,
                            11.812477
                        ],
                        [
                            122.167026,
                            11.813161
                        ],
                        [
                            122.166435,
                            11.813554
                        ],
                        [
                            122.165572,
                            11.813241
                        ],
                        [
                            122.164502,
                            11.812572
                        ],
                        [
                            122.163678,
                            11.811576
                        ],
                        [
                            122.162824,
                            11.81083
                        ],
                        [
                            122.16187,
                            11.810082
                        ],
                        [
                            122.161306,
                            11.809694
                        ],
                        [
                            122.160876,
                            11.809243
                        ],
                        [
                            122.160576,
                            11.808545
                        ],
                        [
                            122.160051,
                            11.807301
                        ],
                        [
                            122.160051,
                            11.806796
                        ],
                        [
                            122.160135,
                            11.806437
                        ],
                        [
                            122.16053,
                            11.805548
                        ],
                        [
                            122.160738,
                            11.805204
                        ],
                        [
                            122.161166,
                            11.804938
                        ],
                        [
                            122.161952,
                            11.804572
                        ],
                        [
                            122.164071,
                            11.803721
                        ],
                        [
                            122.164805,
                            11.80303
                        ],
                        [
                            122.165317,
                            11.802327
                        ],
                        [
                            122.165725,
                            11.801731
                        ],
                        [
                            122.166442,
                            11.800945
                        ],
                        [
                            122.166828,
                            11.800603
                        ],
                        [
                            122.167229,
                            11.800367
                        ],
                        [
                            122.1685,
                            11.799832
                        ],
                        [
                            122.169202,
                            11.799495
                        ],
                        [
                            122.170021,
                            11.800119
                        ],
                        [
                            122.170387,
                            11.80001
                        ],
                        [
                            122.171436,
                            11.800481
                        ],
                        [
                            122.171439,
                            11.800661
                        ],
                        [
                            122.171244,
                            11.800821
                        ],
                        [
                            122.170884,
                            11.801002
                        ],
                        [
                            122.170896,
                            11.801786
                        ],
                        [
                            122.170691,
                            11.802224
                        ],
                        [
                            122.170483,
                            11.802924
                        ],
                        [
                            122.170696,
                            11.803516
                        ],
                        [
                            122.170757,
                            11.80397
                        ],
                        [
                            122.170754,
                            11.804142
                        ],
                        [
                            122.170557,
                            11.804242
                        ],
                        [
                            122.171247,
                            11.80492
                        ],
                        [
                            122.171999,
                            11.806996
                        ],
                        [
                            122.172822,
                            11.807876
                        ],
                        [
                            122.173196,
                            11.809841
                        ],
                        [
                            122.173276,
                            11.81141
                        ],
                        [
                            122.173299,
                            11.812105
                        ],
                        [
                            122.173242,
                            11.813066
                        ]
                    ]
                ]
            },
            "properties": {
                "name": "tul-ang",
                "municipality": "Ibajay",
                "province": "Aklan",
                "level": "barangay"
            },
            "bbox": [
                122.160051,
                11.799495,
                122.173299,
                11.813554
            ]
        },
        {
            "type": "Feature",
            "geometry": {
                "type": "Polygon",
                "coordinates": [
                    [
                        [
                            122.124237,
                            11.816182
                        ],
                        [
                            122.121951,
                            11.813176
                        ],
                        [
                            122.121744,
                            11.807165
                        ],
                        [
                            122.121244,
                            11.799309
                        ],
                        [
                            122.120509,
                            11.792217
                        ],
                        [
                            122.115898,
                            11.78517
                        ],
                        [
                            122.114744,
                            11.779955
                        ],
                        [
                            122.12148,
                            11.77987
                        ],
                        [
                            122.123596,
                            11.779802
                        ],
                        [
                            122.125498,
                            11.779428
                        ],
                        [
                            122.127414,
                            11.779111
                        ],
                        [
                            122.130369,
                            11.782598
                        ],
                        [
                            122.132384,
                            11.783739
                        ],
                        [
                            122.132551,
                            11.785821
                        ],
                        [
                            122.132194,
                            11.793384
                        ],
                        [
                            122.129708,
                            11.799525
                        ],
                        [
                            122.128137,
                            11.801363
                        ],
                        [
                            122.128222,
                            11.803291
                        ],
                        [
                            122.126058,
                            11.805041
                        ],
                        [
                            122.125373,
                            11.81088
                        ],
                        [
                            122.124051,
                            11.814144
                        ],
                        [
                            122.12382,
                            11.814735
                        ],
                        [
                            122.124019,
                            11.815438
                        ],
                        [
                            122.124237,
                            11.816182
                        ]
                    ]
                ]
            },
            "properties": {
                "name": "antipolo",
                "municipality": "Ibajay",
                "province": "aklan",
                "level": "barangay"
            },
            "bbox": [
                122.114744,
                11.779111,
                122.132551,
                11.816182
            ]
        },
        {
            "type": "Feature",
            "geometry": {
                "type": "Polygon",
                "coordinates": [
                    [
                        [
                            122.176218,
                            11.777307
                        ],
                        [
                            122.175517,
                            11.777193
                        ],
                        [
                            122.17544,
                            11.777116
                        ],
                        [
                            122.175184,
                            11.777142
                        ],
                        [
                            122.174845,
                            11.777142
                        ],
                        [
                            122.174346,
                            11.777118
                        ],
                        [
                            122.174207,
                            11.777115
                        ],
                        [
                            122.174096,
                            11.777041
                        ],
                        [
                            122.173759,
                            11.776988
                        ],
                        [
                            122.173586,
                            11.776988
                        ],
                        [
                            122.173461,
                            11.777115
                        ],
                        [
                            122.170737,
                            11.77705
                        ],
                        [
                            122.165139,
                            11.7773
                        ],
                        [
                            122.16555,
                            11.776567
                        ],
                        [
                            122.166097,
                            11.775864
                        ],
                        [
                            122.167865,
                            11.774966
                        ],
                        [
                            122.168137,
                            11.774184
                        ],
                        [
                            122.168144,
                            11.773887
                        ],
                        [
                            122.168056,
                            11.773625
                        ],
                        [
                            122.168424,
                            11.773478
                        ],
                        [
                            122.169504,
                            11.773064
                        ],
                        [
                            122.17002,
                            11.772398
                        ],
                        [
                            122.170328,
                            11.772002
                        ],
                        [
                            122.170561,
                            11.771809
                        ],
                        [
                            122.170853,
                            11.771555
                        ],
                        [
                            122.170955,
                            11.771475
                        ],
                        [
                            122.171057,
                            11.771427
                        ],
                        [
                            122.171382,
                            11.771272
                        ],
                        [
                            122.171435,
                            11.771248
                        ],
                        [
                            122.171513,
                            11.771234
                        ],
                        [
                            122.171669,
                            11.771208
                        ],
                        [
                            122.172238,
                            11.771118
                        ],
                        [
                            122.172601,
                            11.77127
                        ],
                        [
                            122.172729,
                            11.771324
                        ],
                        [
                            122.172965,
                            11.771249
                        ],
                        [
                            122.173496,
                            11.77108
                        ],
                        [
                            122.173977,
                            11.770985
                        ],
                        [
                            122.174243,
                            11.770929
                        ],
                        [
                            122.174907,
                            11.771137
                        ],
                        [
                            122.175895,
                            11.77144
                        ],
                        [
                            122.177189,
                            11.771837
                        ],
                        [
                            122.177181,
                            11.772146
                        ],
                        [
                            122.177177,
                            11.772491
                        ],
                        [
                            122.177129,
                            11.772639
                        ],
                        [
                            122.17708,
                            11.772799
                        ],
                        [
                            122.177014,
                            11.772912
                        ],
                        [
                            122.176964,
                            11.772951
                        ],
                        [
                            122.176934,
                            11.773009
                        ],
                        [
                            122.176989,
                            11.773112
                        ],
                        [
                            122.177139,
                            11.773209
                        ],
                        [
                            122.177231,
                            11.773549
                        ],
                        [
                            122.177253,
                            11.774326
                        ],
                        [
                            122.175862,
                            11.775662
                        ],
                        [
                            122.176327,
                            11.776817
                        ],
                        [
                            122.176218,
                            11.777307
                        ]
                    ]
                ]
            },
            "properties": {
                "name": "naligusan",
                "municipality": "ibajay",
                "province": "Aklan",
                "level": "barangay"
            },
            "bbox": [
                122.165139,
                11.770929,
                122.177253,
                11.777307
            ]
        },
        {
            "type": "Feature",
            "properties": {
                "name": "rizal",
                "municipality": "ibajay",
                "province": "Aklan",
                "level": "barangay"
            },
            "geometry": {
                "type": "Polygon",
                "coordinates": [
                    [
                        [
                            122.171437,
                            11.800482
                        ],
                        [
                            122.170388,
                            11.800011
                        ],
                        [
                            122.170022,
                            11.800119
                        ],
                        [
                            122.169204,
                            11.79949
                        ],
                        [
                            122.16979,
                            11.79871
                        ],
                        [
                            122.169918,
                            11.798199
                        ],
                        [
                            122.169906,
                            11.797596
                        ],
                        [
                            122.169376,
                            11.796809
                        ],
                        [
                            122.168081,
                            11.795707
                        ],
                        [
                            122.167048,
                            11.794605
                        ],
                        [
                            122.166569,
                            11.793754
                        ],
                        [
                            122.166645,
                            11.79291
                        ],
                        [
                            122.167514,
                            11.79205
                        ],
                        [
                            122.168692,
                            11.791455
                        ],
                        [
                            122.16959,
                            11.790529
                        ],
                        [
                            122.170217,
                            11.789357
                        ],
                        [
                            122.170768,
                            11.787545
                        ],
                        [
                            122.171056,
                            11.786673
                        ],
                        [
                            122.171504,
                            11.785861
                        ],
                        [
                            122.171621,
                            11.785049
                        ],
                        [
                            122.171604,
                            11.784399
                        ],
                        [
                            122.171283,
                            11.78375
                        ],
                        [
                            122.17073,
                            11.783222
                        ],
                        [
                            122.169822,
                            11.782874
                        ],
                        [
                            122.168865,
                            11.78284
                        ],
                        [
                            122.168363,
                            11.782665
                        ],
                        [
                            122.167854,
                            11.782336
                        ],
                        [
                            122.166029,
                            11.780834
                        ],
                        [
                            122.165362,
                            11.779157
                        ],
                        [
                            122.165136,
                            11.778209
                        ],
                        [
                            122.165082,
                            11.777741
                        ],
                        [
                            122.16514,
                            11.7773
                        ],
                        [
                            122.170667,
                            11.777054
                        ],
                        [
                            122.17346,
                            11.777115
                        ],
                        [
                            122.173587,
                            11.776988
                        ],
                        [
                            122.173707,
                            11.776989
                        ],
                        [
                            122.173761,
                            11.776988
                        ],
                        [
                            122.173824,
                            11.776999
                        ],
                        [
                            122.174017,
                            11.777029
                        ],
                        [
                            122.174095,
                            11.777041
                        ],
                        [
                            122.174208,
                            11.777116
                        ],
                        [
                            122.174518,
                            11.777127
                        ],
                        [
                            122.174836,
                            11.777145
                        ],
                        [
                            122.175128,
                            11.777142
                        ],
                        [
                            122.175184,
                            11.777142
                        ],
                        [
                            122.175279,
                            11.777133
                        ],
                        [
                            122.17544,
                            11.777115
                        ],
                        [
                            122.175517,
                            11.777193
                        ],
                        [
                            122.175801,
                            11.77724
                        ],
                        [
                            122.176218,
                            11.777307
                        ],
                        [
                            122.176011,
                            11.778286
                        ],
                        [
                            122.176806,
                            11.780916
                        ],
                        [
                            122.17659,
                            11.787306
                        ],
                        [
                            122.176575,
                            11.787952
                        ],
                        [
                            122.17771,
                            11.789244
                        ],
                        [
                            122.177399,
                            11.791142
                        ],
                        [
                            122.176596,
                            11.79184
                        ],
                        [
                            122.175502,
                            11.791628
                        ],
                        [
                            122.174986,
                            11.792822
                        ],
                        [
                            122.174222,
                            11.793539
                        ],
                        [
                            122.173792,
                            11.793957
                        ],
                        [
                            122.173833,
                            11.794831
                        ],
                        [
                            122.173151,
                            11.795649
                        ],
                        [
                            122.172794,
                            11.797012
                        ],
                        [
                            122.172724,
                            11.797315
                        ],
                        [
                            122.172606,
                            11.797611
                        ],
                        [
                            122.172339,
                            11.798275
                        ],
                        [
                            122.17206,
                            11.798948
                        ],
                        [
                            122.171735,
                            11.799631
                        ],
                        [
                            122.171793,
                            11.800007
                        ],
                        [
                            122.171623,
                            11.800336
                        ],
                        [
                            122.171437,
                            11.800482
                        ]
                    ]
                ]
            },
            "bbox": [
                122.165082,
                11.776988,
                122.17771,
                11.800482
            ]
        },
        {
            "type": "Feature",
            "properties": {
                "name": "unat",
                "municipality": "Ibajay",
                "province": "aklan",
                "level": "barangay"
            },
            "geometry": {
                "type": "Polygon",
                "coordinates": [
                    [
                        [
                            122.17096,
                            11.783563
                        ],
                        [
                            122.170026,
                            11.783839
                        ],
                        [
                            122.16914,
                            11.78442
                        ],
                        [
                            122.168441,
                            11.785805
                        ],
                        [
                            122.167092,
                            11.786641
                        ],
                        [
                            122.165544,
                            11.785791
                        ],
                        [
                            122.165569,
                            11.785079
                        ],
                        [
                            122.162804,
                            11.783645
                        ],
                        [
                            122.15902,
                            11.783303
                        ],
                        [
                            122.158023,
                            11.779781
                        ],
                        [
                            122.159115,
                            11.777452
                        ],
                        [
                            122.160728,
                            11.776477
                        ],
                        [
                            122.161605,
                            11.775942
                        ],
                        [
                            122.161994,
                            11.776156
                        ],
                        [
                            122.162637,
                            11.775882
                        ],
                        [
                            122.16463,
                            11.775032
                        ],
                        [
                            122.166279,
                            11.774309
                        ],
                        [
                            122.168051,
                            11.773631
                        ],
                        [
                            122.168135,
                            11.773908
                        ],
                        [
                            122.168139,
                            11.774181
                        ],
                        [
                            122.167861,
                            11.774966
                        ],
                        [
                            122.166369,
                            11.775732
                        ],
                        [
                            122.166083,
                            11.775867
                        ],
                        [
                            122.165642,
                            11.776433
                        ],
                        [
                            122.165136,
                            11.777294
                        ],
                        [
                            122.165077,
                            11.777925
                        ],
                        [
                            122.165254,
                            11.778778
                        ],
                        [
                            122.165576,
                            11.779705
                        ],
                        [
                            122.16603,
                            11.780849
                        ],
                        [
                            122.167766,
                            11.782285
                        ],
                        [
                            122.168431,
                            11.782699
                        ],
                        [
                            122.168878,
                            11.78285
                        ],
                        [
                            122.169383,
                            11.782865
                        ],
                        [
                            122.169831,
                            11.782878
                        ],
                        [
                            122.170304,
                            11.783073
                        ],
                        [
                            122.170719,
                            11.783231
                        ],
                        [
                            122.171049,
                            11.783532
                        ],
                        [
                            122.17096,
                            11.783563
                        ]
                    ]
                ]
            },
            "bbox": [
                122.158023,
                11.773631,
                122.171049,
                11.786641
            ]
        },
        {
            "type": "Feature",
            "properties": {
                "name": "bagacay",
                "municipality": "Ibajay",
                "province": "aklan",
                "level": "barangay"
            },
            "geometry": {
                "type": "Polygon",
                "coordinates": [
                    [
                        [
                            122.168093,
                            11.796919
                        ],
                        [
                            122.167848,
                            11.796806
                        ],
                        [
                            122.167778,
                            11.796511
                        ],
                        [
                            122.166403,
                            11.795781
                        ],
                        [
                            122.165155,
                            11.79534
                        ],
                        [
                            122.163119,
                            11.794616
                        ],
                        [
                            122.161994,
                            11.794283
                        ],
                        [
                            122.161352,
                            11.794203
                        ],
                        [
                            122.161047,
                            11.793863
                        ],
                        [
                            122.161315,
                            11.792935
                        ],
                        [
                            122.161745,
                            11.792652
                        ],
                        [
                            122.162143,
                            11.79259
                        ],
                        [
                            122.162832,
                            11.790514
                        ],
                        [
                            122.162993,
                            11.78998
                        ],
                        [
                            122.163549,
                            11.790303
                        ],
                        [
                            122.163664,
                            11.789287
                        ],
                        [
                            122.163889,
                            11.788699
                        ],
                        [
                            122.164654,
                            11.788993
                        ],
                        [
                            122.164477,
                            11.788033
                        ],
                        [
                            122.165141,
                            11.787875
                        ],
                        [
                            122.165427,
                            11.78742
                        ],
                        [
                            122.165129,
                            11.78695
                        ],
                        [
                            122.165545,
                            11.785795
                        ],
                        [
                            122.166557,
                            11.786364
                        ],
                        [
                            122.1671,
                            11.786647
                        ],
                        [
                            122.167824,
                            11.786187
                        ],
                        [
                            122.168443,
                            11.785802
                        ],
                        [
                            122.169133,
                            11.784419
                        ],
                        [
                            122.170031,
                            11.783844
                        ],
                        [
                            122.171052,
                            11.783535
                        ],
                        [
                            122.171292,
                            11.783767
                        ],
                        [
                            122.171601,
                            11.784405
                        ],
                        [
                            122.171616,
                            11.785061
                        ],
                        [
                            122.171493,
                            11.785844
                        ],
                        [
                            122.171057,
                            11.786676
                        ],
                        [
                            122.170839,
                            11.787344
                        ],
                        [
                            122.170216,
                            11.789323
                        ],
                        [
                            122.169592,
                            11.790531
                        ],
                        [
                            122.168725,
                            11.791414
                        ],
                        [
                            122.16751,
                            11.792053
                        ],
                        [
                            122.166645,
                            11.792906
                        ],
                        [
                            122.166572,
                            11.79376
                        ],
                        [
                            122.167035,
                            11.794591
                        ],
                        [
                            122.167506,
                            11.795097
                        ],
                        [
                            122.16808,
                            11.795712
                        ],
                        [
                            122.168332,
                            11.795927
                        ],
                        [
                            122.168093,
                            11.796919
                        ]
                    ]
                ]
            },
            "bbox": [
                122.161047,
                11.783535,
                122.171616,
                11.796919
            ]
        },
        {
            "type": "Feature",
            "properties": {
                "name": "santa cruz",
                "municipality": "ibajay",
                "province": "Aklan",
                "level": "barangay"
            },
            "geometry": {
                "type": "Polygon",
                "coordinates": [
                    [
                        [
                            122.146512,
                            11.802893
                        ],
                        [
                            122.146013,
                            11.802597
                        ],
                        [
                            122.144635,
                            11.802095
                        ],
                        [
                            122.143648,
                            11.801198
                        ],
                        [
                            122.142742,
                            11.802577
                        ],
                        [
                            122.141553,
                            11.80281
                        ],
                        [
                            122.140265,
                            11.803721
                        ],
                        [
                            122.138741,
                            11.803714
                        ],
                        [
                            122.138076,
                            11.804869
                        ],
                        [
                            122.137143,
                            11.805167
                        ],
                        [
                            122.135038,
                            11.80508
                        ],
                        [
                            122.134627,
                            11.804147
                        ],
                        [
                            122.134291,
                            11.803355
                        ],
                        [
                            122.131095,
                            11.80175
                        ],
                        [
                            122.129758,
                            11.799545
                        ],
                        [
                            122.13225,
                            11.79346
                        ],
                        [
                            122.132415,
                            11.789665
                        ],
                        [
                            122.132577,
                            11.786612
                        ],
                        [
                            122.132436,
                            11.783736
                        ],
                        [
                            122.133694,
                            11.783251
                        ],
                        [
                            122.139932,
                            11.785907
                        ],
                        [
                            122.139701,
                            11.788964
                        ],
                        [
                            122.140693,
                            11.791815
                        ],
                        [
                            122.144489,
                            11.794852
                        ],
                        [
                            122.146512,
                            11.802893
                        ]
                    ]
                ]
            },
            "bbox": [
                122.129758,
                11.783251,
                122.146512,
                11.805167
            ]
        },
        {
            "type": "Feature",
            "properties": {
                "name": "batuan",
                "municipality": "ibajay",
                "province": "aklan",
                "level": "barangay"
            },
            "geometry": {
                "type": "Polygon",
                "coordinates": [
                    [
                        [
                            122.153587,
                            11.805649
                        ],
                        [
                            122.153569,
                            11.806654
                        ],
                        [
                            122.153632,
                            11.807201
                        ],
                        [
                            122.153627,
                            11.807499
                        ],
                        [
                            122.15308,
                            11.807164
                        ],
                        [
                            122.152047,
                            11.807071
                        ],
                        [
                            122.151706,
                            11.806437
                        ],
                        [
                            122.151294,
                            11.806172
                        ],
                        [
                            122.150796,
                            11.805837
                        ],
                        [
                            122.149869,
                            11.805824
                        ],
                        [
                            122.149074,
                            11.805838
                        ],
                        [
                            122.148507,
                            11.805983
                        ],
                        [
                            122.148575,
                            11.805876
                        ],
                        [
                            122.148532,
                            11.805281
                        ],
                        [
                            122.148493,
                            11.80461
                        ],
                        [
                            122.148417,
                            11.803356
                        ],
                        [
                            122.146543,
                            11.802889
                        ],
                        [
                            122.144587,
                            11.794864
                        ],
                        [
                            122.140719,
                            11.791806
                        ],
                        [
                            122.139729,
                            11.788961
                        ],
                        [
                            122.139981,
                            11.785924
                        ],
                        [
                            122.142172,
                            11.786801
                        ],
                        [
                            122.144407,
                            11.787739
                        ],
                        [
                            122.145033,
                            11.787506
                        ],
                        [
                            122.144826,
                            11.787047
                        ],
                        [
                            122.144696,
                            11.786485
                        ],
                        [
                            122.145407,
                            11.786187
                        ],
                        [
                            122.145476,
                            11.785678
                        ],
                        [
                            122.145914,
                            11.785201
                        ],
                        [
                            122.146877,
                            11.784086
                        ],
                        [
                            122.147637,
                            11.784112
                        ],
                        [
                            122.148548,
                            11.784688
                        ],
                        [
                            122.149162,
                            11.784191
                        ],
                        [
                            122.149726,
                            11.784356
                        ],
                        [
                            122.150246,
                            11.784577
                        ],
                        [
                            122.151031,
                            11.784901
                        ],
                        [
                            122.151571,
                            11.78598
                        ],
                        [
                            122.15193,
                            11.786116
                        ],
                        [
                            122.152301,
                            11.786259
                        ],
                        [
                            122.152648,
                            11.786233
                        ],
                        [
                            122.15353,
                            11.786166
                        ],
                        [
                            122.154007,
                            11.786392
                        ],
                        [
                            122.154331,
                            11.786976
                        ],
                        [
                            122.154583,
                            11.787118
                        ],
                        [
                            122.154772,
                            11.787034
                        ],
                        [
                            122.154953,
                            11.786793
                        ],
                        [
                            122.155377,
                            11.786203
                        ],
                        [
                            122.156293,
                            11.788109
                        ],
                        [
                            122.155902,
                            11.788702
                        ],
                        [
                            122.156214,
                            11.789881
                        ],
                        [
                            122.156634,
                            11.792168
                        ],
                        [
                            122.15811,
                            11.79451
                        ],
                        [
                            122.158358,
                            11.795735
                        ],
                        [
                            122.158757,
                            11.796536
                        ],
                        [
                            122.158508,
                            11.796622
                        ],
                        [
                            122.158518,
                            11.796827
                        ],
                        [
                            122.158394,
                            11.796966
                        ],
                        [
                            122.158501,
                            11.797359
                        ],
                        [
                            122.157944,
                            11.798633
                        ],
                        [
                            122.157378,
                            11.798511
                        ],
                        [
                            122.157095,
                            11.798875
                        ],
                        [
                            122.1568,
                            11.799041
                        ],
                        [
                            122.155341,
                            11.800447
                        ],
                        [
                            122.155398,
                            11.801061
                        ],
                        [
                            122.154922,
                            11.801492
                        ],
                        [
                            122.15427,
                            11.802777
                        ],
                        [
                            122.154163,
                            11.80408
                        ],
                        [
                            122.154122,
                            11.805036
                        ],
                        [
                            122.153587,
                            11.805649
                        ]
                    ]
                ]
            },
            "bbox": [
                122.139729,
                11.784086,
                122.158757,
                11.807499
            ]
        },
        {
            "type": "Feature",
            "properties": {
                "municipality": "ibajay",
                "name": "capilijan",
                "province": "Aklan",
                "level": "barangay"
            },
            "geometry": {
                "type": "Polygon",
                "coordinates": [
                    [
                        [
                            122.156797,
                            11.799064
                        ],
                        [
                            122.157097,
                            11.798878
                        ],
                        [
                            122.157378,
                            11.798511
                        ],
                        [
                            122.157944,
                            11.798634
                        ],
                        [
                            122.158504,
                            11.79736
                        ],
                        [
                            122.158519,
                            11.796828
                        ],
                        [
                            122.158506,
                            11.79662
                        ],
                        [
                            122.15877,
                            11.796544
                        ],
                        [
                            122.158365,
                            11.795731
                        ],
                        [
                            122.158232,
                            11.79514
                        ],
                        [
                            122.15812,
                            11.794502
                        ],
                        [
                            122.157695,
                            11.793844
                        ],
                        [
                            122.156636,
                            11.792167
                        ],
                        [
                            122.156484,
                            11.79132
                        ],
                        [
                            122.156321,
                            11.790443
                        ],
                        [
                            122.156139,
                            11.789579
                        ],
                        [
                            122.155907,
                            11.788704
                        ],
                        [
                            122.156296,
                            11.788108
                        ],
                        [
                            122.155378,
                            11.7862
                        ],
                        [
                            122.156982,
                            11.784077
                        ],
                        [
                            122.159021,
                            11.783305
                        ],
                        [
                            122.162804,
                            11.783648
                        ],
                        [
                            122.165569,
                            11.78508
                        ],
                        [
                            122.165539,
                            11.785798
                        ],
                        [
                            122.165128,
                            11.786949
                        ],
                        [
                            122.165423,
                            11.787423
                        ],
                        [
                            122.16514,
                            11.787873
                        ],
                        [
                            122.164474,
                            11.78802
                        ],
                        [
                            122.164649,
                            11.788985
                        ],
                        [
                            122.163881,
                            11.788693
                        ],
                        [
                            122.16365,
                            11.789302
                        ],
                        [
                            122.163555,
                            11.790296
                        ],
                        [
                            122.162993,
                            11.789979
                        ],
                        [
                            122.162795,
                            11.790614
                        ],
                        [
                            122.162573,
                            11.791277
                        ],
                        [
                            122.162142,
                            11.792589
                        ],
                        [
                            122.161742,
                            11.792649
                        ],
                        [
                            122.161314,
                            11.792934
                        ],
                        [
                            122.161039,
                            11.793858
                        ],
                        [
                            122.161356,
                            11.794208
                        ],
                        [
                            122.161983,
                            11.794293
                        ],
                        [
                            122.161883,
                            11.794722
                        ],
                        [
                            122.161633,
                            11.795179
                        ],
                        [
                            122.161604,
                            11.795688
                        ],
                        [
                            122.161895,
                            11.795944
                        ],
                        [
                            122.162095,
                            11.796191
                        ],
                        [
                            122.161912,
                            11.796339
                        ],
                        [
                            122.161664,
                            11.796361
                        ],
                        [
                            122.161622,
                            11.798006
                        ],
                        [
                            122.158818,
                            11.799273
                        ],
                        [
                            122.156797,
                            11.799064
                        ]
                    ]
                ]
            },
            "bbox": [
                122.155378,
                11.783305,
                122.165569,
                11.799273
            ]
        }
    ]
}